[INFO] Scanning for projects...
[INFO] 
[INFO] ---------------------< com.yupi:yu-ai-code-mother >---------------------
[INFO] Building yu-ai-code-mother 0.0.1-SNAPSHOT
[INFO]   from pom.xml
[INFO] --------------------------------[ jar ]---------------------------------
[INFO] 
[INFO] >>> spring-boot:3.5.4:run (default-cli) > test-compile @ yu-ai-code-mother >>>
[INFO] 
[INFO] --- resources:3.3.1:resources (default-resources) @ yu-ai-code-mother ---
[INFO] Copying 2 resources from src\main\resources to target\classes
[INFO] Copying 15 resources from src\main\resources to target\classes
[INFO] 
[INFO] --- compiler:3.14.0:compile (default-compile) @ yu-ai-code-mother ---
[INFO] Nothing to compile - all classes are up to date.
[INFO] 
[INFO] --- resources:3.3.1:testResources (default-testResources) @ yu-ai-code-mother ---
[INFO] skip non existing resourceDirectory D:\javacode\ai-code-mother\src\test\resources
[INFO] 
[INFO] --- compiler:3.14.0:testCompile (default-testCompile) @ yu-ai-code-mother ---
[INFO] Nothing to compile - all classes are up to date.
[INFO] 
[INFO] <<< spring-boot:3.5.4:run (default-cli) < test-compile @ yu-ai-code-mother <<<
[INFO] 
[INFO] 
[INFO] --- spring-boot:3.5.4:run (default-cli) @ yu-ai-code-mother ---
[INFO] Attaching agents: []
SLF4J(W): Class path contains multiple SLF4J providers.
SLF4J(W): Found provider [ch.qos.logback.classic.spi.LogbackServiceProvider@2ed94a8b]
SLF4J(W): Found provider [org.slf4j.simple.SimpleServiceProvider@38082d64]
SLF4J(W): See https://www.slf4j.org/codes.html#multiple_bindings for an explanation.
SLF4J(I): Actual provider is of type [ch.qos.logback.classic.spi.LogbackServiceProvider@2ed94a8b]

  .   ____          _            __ _ _
 /\\ / ___'_ __ _ _(_)_ __  __ _ \ \ \ \
( ( )\___ | '_ | '_| | '_ \/ _` | \ \ \ \
 \\/  ___)| |_)| | | | | || (_| |  ) ) ) )
  '  |____| .__|_| |_|_| |_\__, | / / / /
 =========|_|==============|___/=/_/_/_/

 :: Spring Boot ::                (v3.5.4)

2026-04-28T22:14:44.118+08:00  INFO 6292 --- [yu-ai-code-mother-backend] [           main] c.y.y.YuAiCodeMotherApplication          : Starting YuAiCodeMotherApplication using Java 21.0.8 with PID 6292 (D:\javacode\ai-code-mother\target\classes started by 14011 in D:\javacode\ai-code-mother)
2026-04-28T22:14:44.124+08:00  INFO 6292 --- [yu-ai-code-mother-backend] [           main] c.y.y.YuAiCodeMotherApplication          : The following 1 profile is active: "local"
2026-04-28T22:14:46.913+08:00  INFO 6292 --- [yu-ai-code-mother-backend] [           main] .s.d.r.c.RepositoryConfigurationDelegate : Multiple Spring Data modules found, entering strict repository configuration mode
2026-04-28T22:14:46.920+08:00  INFO 6292 --- [yu-ai-code-mother-backend] [           main] .s.d.r.c.RepositoryConfigurationDelegate : Bootstrapping Spring Data Redis repositories in DEFAULT mode.
2026-04-28T22:14:47.087+08:00  INFO 6292 --- [yu-ai-code-mother-backend] [           main] .s.d.r.c.RepositoryConfigurationDelegate : Finished Spring Data repository scanning in 126 ms. Found 0 Redis repository interfaces.
2026-04-28T22:14:49.432+08:00  INFO 6292 --- [yu-ai-code-mother-backend] [           main] o.s.b.w.embedded.tomcat.TomcatWebServer  : Tomcat initialized with port 8123 (http)
2026-04-28T22:14:49.475+08:00  INFO 6292 --- [yu-ai-code-mother-backend] [           main] o.apache.catalina.core.StandardService   : Starting service [Tomcat]
2026-04-28T22:14:49.477+08:00  INFO 6292 --- [yu-ai-code-mother-backend] [           main] o.apache.catalina.core.StandardEngine    : Starting Servlet engine: [Apache Tomcat/10.1.43]
2026-04-28T22:14:49.866+08:00  INFO 6292 --- [yu-ai-code-mother-backend] [           main] o.a.c.c.C.[Tomcat].[localhost].[/api]    : Initializing Spring embedded WebApplicationContext
2026-04-28T22:14:49.869+08:00  INFO 6292 --- [yu-ai-code-mother-backend] [           main] w.s.c.ServletWebServerApplicationContext : Root WebApplicationContext: initialization completed in 5668 ms
  __  __       _           _   _       _____ _           
 |  \/  |_   _| |__   __ _| |_(_)___  |  ___| | _____  __
 | |\/| | | | | '_ \ / _` | __| / __| | |_  | |/ _ \ \/ /
 | |  | | |_| | |_) | (_| | |_| \__ \ |  _| | |  __/>  < 
 |_|  |_|\__, |_.__/ \__,_|\__|_|___/ |_|   |_|\___/_/\_\
         |___/ v1.11.1 https://mybatis-flex.com
2026-04-28T22:14:51.924+08:00  INFO 6292 --- [yu-ai-code-mother-backend] [           main] com.zaxxer.hikari.HikariDataSource       : HikariPool-1 - Starting...
2026-04-28T22:14:52.105+08:00  INFO 6292 --- [yu-ai-code-mother-backend] [           main] i.opentelemetry.api.GlobalOpenTelemetry  : AutoConfiguredOpenTelemetrySdk found on classpath but automatic configuration is disabled. To enable, run your JVM with -Dotel.java.global-autoconfigure.enabled=true
2026-04-28T22:14:52.669+08:00  INFO 6292 --- [yu-ai-code-mother-backend] [           main] com.zaxxer.hikari.HikariDataSource       : HikariPool-1 - Start completed.
2026-04-28T22:14:53.746+08:00  INFO 6292 --- [yu-ai-code-mother-backend] [           main] c.y.yuaicodemother.ai.tools.ToolManager  : 注册工具: exit -> 退出工具调用
2026-04-28T22:14:53.752+08:00  INFO 6292 --- [yu-ai-code-mother-backend] [           main] c.y.yuaicodemother.ai.tools.ToolManager  : 注册工具: deleteFile -> 删除文件
2026-04-28T22:14:53.754+08:00  INFO 6292 --- [yu-ai-code-mother-backend] [           main] c.y.yuaicodemother.ai.tools.ToolManager  : 注册工具: readDir -> 读取目录
2026-04-28T22:14:53.754+08:00  INFO 6292 --- [yu-ai-code-mother-backend] [           main] c.y.yuaicodemother.ai.tools.ToolManager  : 注册工具: modifyFile -> 修改文件
2026-04-28T22:14:53.755+08:00  INFO 6292 --- [yu-ai-code-mother-backend] [           main] c.y.yuaicodemother.ai.tools.ToolManager  : 注册工具: readFile -> 读取文件
2026-04-28T22:14:53.755+08:00  INFO 6292 --- [yu-ai-code-mother-backend] [           main] c.y.yuaicodemother.ai.tools.ToolManager  : 注册工具: writeFile -> 写入文件
2026-04-28T22:14:53.755+08:00  INFO 6292 --- [yu-ai-code-mother-backend] [           main] c.y.yuaicodemother.ai.tools.ToolManager  : 工具管理器初始化完成，共注册 6 个工具
2026-04-28T22:14:54.750+08:00  INFO 6292 --- [yu-ai-code-mother-backend] [           main] org.redisson.Version                     : Redisson 3.50.0
2026-04-28T22:14:55.442+08:00  INFO 6292 --- [yu-ai-code-mother-backend] [isson-netty-1-5] o.redisson.connection.ConnectionsHolder  : 1 connections initialized for localhost/127.0.0.1:6379
2026-04-28T22:14:55.445+08:00  INFO 6292 --- [yu-ai-code-mother-backend] [isson-netty-1-6] o.redisson.connection.ConnectionsHolder  : 1 connections initialized for localhost/127.0.0.1:6379
2026-04-28T22:14:55.564+08:00  INFO 6292 --- [yu-ai-code-mother-backend] [           main] c.y.y.ai.AiCodeGeneratorServiceFactory   : 为 appId: 0 创建新的 AI 服务实例
2026-04-28T22:14:56.457+08:00  INFO 6292 --- [yu-ai-code-mother-backend] [           main] o.s.b.a.w.s.WelcomePageHandlerMapping    : Adding welcome page: class path resource [static/index.html]
2026-04-28T22:14:56.532+08:00  INFO 6292 --- [yu-ai-code-mother-backend] [           main] o.s.v.b.OptionalValidatorFactoryBean     : Failed to set up a Bean Validation provider: jakarta.validation.NoProviderFoundException: Unable to create a Configuration, because no Jakarta Bean Validation provider could be found. Add a provider like Hibernate Validator (RI) to your classpath.
2026-04-28T22:14:57.993+08:00  INFO 6292 --- [yu-ai-code-mother-backend] [           main] o.s.b.a.e.web.EndpointLinksResolver      : Exposing 3 endpoints beneath base path '/actuator'
2026-04-28T22:14:58.204+08:00  INFO 6292 --- [yu-ai-code-mother-backend] [           main] o.s.b.w.embedded.tomcat.TomcatWebServer  : Tomcat started on port 8123 (http) with context path '/api'
2026-04-28T22:14:58.227+08:00  INFO 6292 --- [yu-ai-code-mother-backend] [           main] c.y.y.YuAiCodeMotherApplication          : Started YuAiCodeMotherApplication in 14.819 seconds (process running for 15.818)
2026-04-28T22:14:58.241+08:00  INFO 6292 --- [yu-ai-code-mother-backend] [           main] o.s.b.a.b.JobLauncherApplicationRunner   : Running default command line with: []
2026-04-28T22:14:59.386+08:00  INFO 6292 --- [yu-ai-code-mother-backend] [nio-8123-exec-1] o.a.c.c.C.[Tomcat].[localhost].[/api]    : Initializing Spring DispatcherServlet 'dispatcherServlet'
2026-04-28T22:14:59.386+08:00  INFO 6292 --- [yu-ai-code-mother-backend] [nio-8123-exec-1] o.s.web.servlet.DispatcherServlet        : Initializing Servlet 'dispatcherServlet'
2026-04-28T22:14:59.394+08:00  INFO 6292 --- [yu-ai-code-mother-backend] [nio-8123-exec-1] o.s.web.servlet.DispatcherServlet        : Completed initialization in 8 ms
2026-04-28T22:21:06.809+08:00 ERROR 6292 --- [yu-ai-code-mother-backend] [nio-8123-exec-7] o.a.c.c.C.[.[.[.[dispatcherServlet]      : Servlet.service() for servlet [dispatcherServlet] in context with path [/api] threw exception

org.springframework.data.redis.RedisConnectionFailureException: Cannot get Jedis connection
	at org.springframework.data.redis.connection.jedis.JedisConnectionFactory.fetchJedisConnector(JedisConnectionFactory.java:940) ~[spring-data-redis-3.5.2.jar:3.5.2]
	at org.springframework.data.redis.connection.jedis.JedisConnectionFactory.getConnection(JedisConnectionFactory.java:902) ~[spring-data-redis-3.5.2.jar:3.5.2]
	at org.springframework.data.redis.core.RedisConnectionUtils.fetchConnection(RedisConnectionUtils.java:195) ~[spring-data-redis-3.5.2.jar:3.5.2]
	at org.springframework.data.redis.core.RedisConnectionUtils.doGetConnection(RedisConnectionUtils.java:144) ~[spring-data-redis-3.5.2.jar:3.5.2]
	at org.springframework.data.redis.core.RedisConnectionUtils.getConnection(RedisConnectionUtils.java:105) ~[spring-data-redis-3.5.2.jar:3.5.2]
	at org.springframework.data.redis.core.RedisTemplate.execute(RedisTemplate.java:400) ~[spring-data-redis-3.5.2.jar:3.5.2]
	at org.springframework.data.redis.core.RedisTemplate.execute(RedisTemplate.java:380) ~[spring-data-redis-3.5.2.jar:3.5.2]
	at org.springframework.data.redis.core.AbstractOperations.execute(AbstractOperations.java:117) ~[spring-data-redis-3.5.2.jar:3.5.2]
	at org.springframework.data.redis.core.DefaultHashOperations.entries(DefaultHashOperations.java:323) ~[spring-data-redis-3.5.2.jar:3.5.2]
	at org.springframework.session.data.redis.RedisSessionRepository.findById(RedisSessionRepository.java:138) ~[spring-session-data-redis-3.5.1.jar:3.5.1]
	at org.springframework.session.data.redis.RedisSessionRepository.findById(RedisSessionRepository.java:45) ~[spring-session-data-redis-3.5.1.jar:3.5.1]
	at org.springframework.session.web.http.SessionRepositoryFilter$SessionRepositoryRequestWrapper.getRequestedSession(SessionRepositoryFilter.java:352) ~[spring-session-core-3.5.1.jar:3.5.1]
	at org.springframework.session.web.http.SessionRepositoryFilter$SessionRepositoryRequestWrapper.getSession(SessionRepositoryFilter.java:286) ~[spring-session-core-3.5.1.jar:3.5.1]
	at org.springframework.session.web.http.SessionRepositoryFilter$SessionRepositoryRequestWrapper.getSession(SessionRepositoryFilter.java:193) ~[spring-session-core-3.5.1.jar:3.5.1]
	at org.springframework.web.util.WebUtils.getSessionId(WebUtils.java:360) ~[spring-web-6.2.9.jar:6.2.9]
	at org.springframework.web.servlet.FrameworkServlet.publishRequestHandledEvent(FrameworkServlet.java:1152) ~[spring-webmvc-6.2.9.jar:6.2.9]
	at org.springframework.web.servlet.FrameworkServlet.processRequest(FrameworkServlet.java:1031) ~[spring-webmvc-6.2.9.jar:6.2.9]
	at org.springframework.web.servlet.FrameworkServlet.doGet(FrameworkServlet.java:903) ~[spring-webmvc-6.2.9.jar:6.2.9]
	at jakarta.servlet.http.HttpServlet.service(HttpServlet.java:564) ~[tomcat-embed-core-10.1.43.jar:6.0]
	at org.springframework.web.servlet.FrameworkServlet.service(FrameworkServlet.java:885) ~[spring-webmvc-6.2.9.jar:6.2.9]
	at jakarta.servlet.http.HttpServlet.service(HttpServlet.java:658) ~[tomcat-embed-core-10.1.43.jar:6.0]
	at org.apache.catalina.core.ApplicationFilterChain.internalDoFilter(ApplicationFilterChain.java:195) ~[tomcat-embed-core-10.1.43.jar:10.1.43]
	at org.apache.catalina.core.ApplicationFilterChain.doFilter(ApplicationFilterChain.java:140) ~[tomcat-embed-core-10.1.43.jar:10.1.43]
	at org.apache.tomcat.websocket.server.WsFilter.doFilter(WsFilter.java:51) ~[tomcat-embed-websocket-10.1.43.jar:10.1.43]
	at org.apache.catalina.core.ApplicationFilterChain.internalDoFilter(ApplicationFilterChain.java:164) ~[tomcat-embed-core-10.1.43.jar:10.1.43]
	at org.apache.catalina.core.ApplicationFilterChain.doFilter(ApplicationFilterChain.java:140) ~[tomcat-embed-core-10.1.43.jar:10.1.43]
	at org.springframework.web.filter.RequestContextFilter.doFilterInternal(RequestContextFilter.java:100) ~[spring-web-6.2.9.jar:6.2.9]
	at org.springframework.web.filter.OncePerRequestFilter.doFilter(OncePerRequestFilter.java:116) ~[spring-web-6.2.9.jar:6.2.9]
	at org.apache.catalina.core.ApplicationFilterChain.internalDoFilter(ApplicationFilterChain.java:164) ~[tomcat-embed-core-10.1.43.jar:10.1.43]
	at org.apache.catalina.core.ApplicationFilterChain.doFilter(ApplicationFilterChain.java:140) ~[tomcat-embed-core-10.1.43.jar:10.1.43]
	at org.springframework.web.filter.FormContentFilter.doFilterInternal(FormContentFilter.java:93) ~[spring-web-6.2.9.jar:6.2.9]
	at org.springframework.web.filter.OncePerRequestFilter.doFilter(OncePerRequestFilter.java:116) ~[spring-web-6.2.9.jar:6.2.9]
	at org.apache.catalina.core.ApplicationFilterChain.internalDoFilter(ApplicationFilterChain.java:164) ~[tomcat-embed-core-10.1.43.jar:10.1.43]
	at org.apache.catalina.core.ApplicationFilterChain.doFilter(ApplicationFilterChain.java:140) ~[tomcat-embed-core-10.1.43.jar:10.1.43]
	at org.springframework.session.web.http.SessionRepositoryFilter.doFilterInternal(SessionRepositoryFilter.java:142) ~[spring-session-core-3.5.1.jar:3.5.1]
	at org.springframework.session.web.http.OncePerRequestFilter.doFilter(OncePerRequestFilter.java:82) ~[spring-session-core-3.5.1.jar:3.5.1]
	at org.springframework.web.filter.DelegatingFilterProxy.invokeDelegate(DelegatingFilterProxy.java:362) ~[spring-web-6.2.9.jar:6.2.9]
	at org.springframework.web.filter.DelegatingFilterProxy.doFilter(DelegatingFilterProxy.java:278) ~[spring-web-6.2.9.jar:6.2.9]
	at org.apache.catalina.core.ApplicationFilterChain.internalDoFilter(ApplicationFilterChain.java:164) ~[tomcat-embed-core-10.1.43.jar:10.1.43]
	at org.apache.catalina.core.ApplicationFilterChain.doFilter(ApplicationFilterChain.java:140) ~[tomcat-embed-core-10.1.43.jar:10.1.43]
	at org.springframework.web.filter.ServerHttpObservationFilter.doFilterInternal(ServerHttpObservationFilter.java:110) ~[spring-web-6.2.9.jar:6.2.9]
	at org.springframework.web.filter.OncePerRequestFilter.doFilter(OncePerRequestFilter.java:116) ~[spring-web-6.2.9.jar:6.2.9]
	at org.apache.catalina.core.ApplicationFilterChain.internalDoFilter(ApplicationFilterChain.java:164) ~[tomcat-embed-core-10.1.43.jar:10.1.43]
	at org.apache.catalina.core.ApplicationFilterChain.doFilter(ApplicationFilterChain.java:140) ~[tomcat-embed-core-10.1.43.jar:10.1.43]
	at org.springframework.web.filter.CharacterEncodingFilter.doFilterInternal(CharacterEncodingFilter.java:201) ~[spring-web-6.2.9.jar:6.2.9]
	at org.springframework.web.filter.OncePerRequestFilter.doFilter(OncePerRequestFilter.java:116) ~[spring-web-6.2.9.jar:6.2.9]
	at org.apache.catalina.core.ApplicationFilterChain.internalDoFilter(ApplicationFilterChain.java:164) ~[tomcat-embed-core-10.1.43.jar:10.1.43]
	at org.apache.catalina.core.ApplicationFilterChain.doFilter(ApplicationFilterChain.java:140) ~[tomcat-embed-core-10.1.43.jar:10.1.43]
	at org.apache.catalina.core.StandardWrapperValve.invoke(StandardWrapperValve.java:167) ~[tomcat-embed-core-10.1.43.jar:10.1.43]
	at org.apache.catalina.core.StandardContextValve.invoke(StandardContextValve.java:90) ~[tomcat-embed-core-10.1.43.jar:10.1.43]
	at org.apache.catalina.authenticator.AuthenticatorBase.invoke(AuthenticatorBase.java:483) ~[tomcat-embed-core-10.1.43.jar:10.1.43]
	at org.apache.catalina.core.StandardHostValve.invoke(StandardHostValve.java:116) ~[tomcat-embed-core-10.1.43.jar:10.1.43]
	at org.apache.catalina.valves.ErrorReportValve.invoke(ErrorReportValve.java:93) ~[tomcat-embed-core-10.1.43.jar:10.1.43]
	at org.apache.catalina.core.StandardEngineValve.invoke(StandardEngineValve.java:74) ~[tomcat-embed-core-10.1.43.jar:10.1.43]
	at org.apache.catalina.connector.CoyoteAdapter.service(CoyoteAdapter.java:344) ~[tomcat-embed-core-10.1.43.jar:10.1.43]
	at org.apache.coyote.http11.Http11Processor.service(Http11Processor.java:398) ~[tomcat-embed-core-10.1.43.jar:10.1.43]
	at org.apache.coyote.AbstractProcessorLight.process(AbstractProcessorLight.java:63) ~[tomcat-embed-core-10.1.43.jar:10.1.43]
	at org.apache.coyote.AbstractProtocol$ConnectionHandler.process(AbstractProtocol.java:903) ~[tomcat-embed-core-10.1.43.jar:10.1.43]
	at org.apache.tomcat.util.net.NioEndpoint$SocketProcessor.doRun(NioEndpoint.java:1769) ~[tomcat-embed-core-10.1.43.jar:10.1.43]
	at org.apache.tomcat.util.net.SocketProcessorBase.run(SocketProcessorBase.java:52) ~[tomcat-embed-core-10.1.43.jar:10.1.43]
	at org.apache.tomcat.util.threads.ThreadPoolExecutor.runWorker(ThreadPoolExecutor.java:1189) ~[tomcat-embed-core-10.1.43.jar:10.1.43]
	at org.apache.tomcat.util.threads.ThreadPoolExecutor$Worker.run(ThreadPoolExecutor.java:658) ~[tomcat-embed-core-10.1.43.jar:10.1.43]
	at org.apache.tomcat.util.threads.TaskThread$WrappingRunnable.run(TaskThread.java:63) ~[tomcat-embed-core-10.1.43.jar:10.1.43]
	at java.base/java.lang.Thread.run(Thread.java:1583) ~[na:na]
Caused by: redis.clients.jedis.exceptions.JedisConnectionException: Failed to connect to localhost:6379.
	at redis.clients.jedis.DefaultJedisSocketFactory.connectToFirstSuccessfulHost(DefaultJedisSocketFactory.java:68) ~[jedis-6.0.0.jar:na]
	at redis.clients.jedis.DefaultJedisSocketFactory.createSocket(DefaultJedisSocketFactory.java:94) ~[jedis-6.0.0.jar:na]
	at redis.clients.jedis.Connection.connect(Connection.java:232) ~[jedis-6.0.0.jar:na]
	at redis.clients.jedis.Connection.initializeFromClientConfig(Connection.java:455) ~[jedis-6.0.0.jar:na]
	at redis.clients.jedis.Connection.<init>(Connection.java:77) ~[jedis-6.0.0.jar:na]
	at redis.clients.jedis.Jedis.<init>(Jedis.java:233) ~[jedis-6.0.0.jar:na]
	at redis.clients.jedis.JedisFactory.makeObject(JedisFactory.java:170) ~[jedis-6.0.0.jar:na]
	at org.apache.commons.pool2.impl.GenericObjectPool.create(GenericObjectPool.java:557) ~[commons-pool2-2.12.1.jar:2.12.1]
	at org.apache.commons.pool2.impl.GenericObjectPool.borrowObject(GenericObjectPool.java:299) ~[commons-pool2-2.12.1.jar:2.12.1]
	at org.apache.commons.pool2.impl.GenericObjectPool.borrowObject(GenericObjectPool.java:231) ~[commons-pool2-2.12.1.jar:2.12.1]
	at redis.clients.jedis.util.Pool.getResource(Pool.java:38) ~[jedis-6.0.0.jar:na]
	at redis.clients.jedis.JedisPool.getResource(JedisPool.java:378) ~[jedis-6.0.0.jar:na]
	at redis.clients.jedis.JedisPool.getResource(JedisPool.java:17) ~[jedis-6.0.0.jar:na]
	at org.springframework.data.redis.connection.jedis.JedisConnectionFactory.fetchJedisConnector(JedisConnectionFactory.java:930) ~[spring-data-redis-3.5.2.jar:3.5.2]
	... 63 common frames omitted
	Suppressed: java.net.ConnectException: Connection refused: getsockopt
		at java.base/sun.nio.ch.Net.pollConnect(Native Method) ~[na:na]
		at java.base/sun.nio.ch.Net.pollConnectNow(Net.java:682) ~[na:na]
		at java.base/sun.nio.ch.NioSocketImpl.timedFinishConnect(NioSocketImpl.java:542) ~[na:na]
		at java.base/sun.nio.ch.NioSocketImpl.connect(NioSocketImpl.java:592) ~[na:na]
		at java.base/java.net.SocksSocketImpl.connect(SocksSocketImpl.java:327) ~[na:na]
		at java.base/java.net.Socket.connect(Socket.java:751) ~[na:na]
		at redis.clients.jedis.DefaultJedisSocketFactory.connectToFirstSuccessfulHost(DefaultJedisSocketFactory.java:80) ~[jedis-6.0.0.jar:na]
		... 76 common frames omitted
	Suppressed: java.net.ConnectException: Connection refused: getsockopt
		at java.base/sun.nio.ch.Net.pollConnect(Native Method) ~[na:na]
		at java.base/sun.nio.ch.Net.pollConnectNow(Net.java:682) ~[na:na]
		at java.base/sun.nio.ch.NioSocketImpl.timedFinishConnect(NioSocketImpl.java:542) ~[na:na]
		at java.base/sun.nio.ch.NioSocketImpl.connect(NioSocketImpl.java:592) ~[na:na]
		at java.base/java.net.SocksSocketImpl.connect(SocksSocketImpl.java:327) ~[na:na]
		at java.base/java.net.Socket.connect(Socket.java:751) ~[na:na]
		at redis.clients.jedis.DefaultJedisSocketFactory.connectToFirstSuccessfulHost(DefaultJedisSocketFactory.java:80) ~[jedis-6.0.0.jar:na]
		... 76 common frames omitted

2026-04-28T22:21:06.894+08:00 ERROR 6292 --- [yu-ai-code-mother-backend] [nio-8123-exec-7] o.a.c.c.C.[.[.[.[dispatcherServlet]      : Servlet.service() for servlet [dispatcherServlet] threw exception

org.springframework.data.redis.RedisConnectionFailureException: Cannot get Jedis connection
	at org.springframework.data.redis.connection.jedis.JedisConnectionFactory.fetchJedisConnector(JedisConnectionFactory.java:940) ~[spring-data-redis-3.5.2.jar:3.5.2]
	at org.springframework.data.redis.connection.jedis.JedisConnectionFactory.getConnection(JedisConnectionFactory.java:902) ~[spring-data-redis-3.5.2.jar:3.5.2]
	at org.springframework.data.redis.core.RedisConnectionUtils.fetchConnection(RedisConnectionUtils.java:195) ~[spring-data-redis-3.5.2.jar:3.5.2]
	at org.springframework.data.redis.core.RedisConnectionUtils.doGetConnection(RedisConnectionUtils.java:144) ~[spring-data-redis-3.5.2.jar:3.5.2]
	at org.springframework.data.redis.core.RedisConnectionUtils.getConnection(RedisConnectionUtils.java:105) ~[spring-data-redis-3.5.2.jar:3.5.2]
	at org.springframework.data.redis.core.RedisTemplate.execute(RedisTemplate.java:400) ~[spring-data-redis-3.5.2.jar:3.5.2]
	at org.springframework.data.redis.core.RedisTemplate.execute(RedisTemplate.java:380) ~[spring-data-redis-3.5.2.jar:3.5.2]
	at org.springframework.data.redis.core.AbstractOperations.execute(AbstractOperations.java:117) ~[spring-data-redis-3.5.2.jar:3.5.2]
	at org.springframework.data.redis.core.DefaultHashOperations.entries(DefaultHashOperations.java:323) ~[spring-data-redis-3.5.2.jar:3.5.2]
	at org.springframework.session.data.redis.RedisSessionRepository.findById(RedisSessionRepository.java:138) ~[spring-session-data-redis-3.5.1.jar:3.5.1]
	at org.springframework.session.data.redis.RedisSessionRepository.findById(RedisSessionRepository.java:45) ~[spring-session-data-redis-3.5.1.jar:3.5.1]
	at org.springframework.session.web.http.SessionRepositoryFilter$SessionRepositoryRequestWrapper.getRequestedSession(SessionRepositoryFilter.java:352) ~[spring-session-core-3.5.1.jar:3.5.1]
	at org.springframework.session.web.http.SessionRepositoryFilter$SessionRepositoryRequestWrapper.getSession(SessionRepositoryFilter.java:286) ~[spring-session-core-3.5.1.jar:3.5.1]
	at org.springframework.session.web.http.SessionRepositoryFilter$SessionRepositoryRequestWrapper.getSession(SessionRepositoryFilter.java:193) ~[spring-session-core-3.5.1.jar:3.5.1]
	at org.springframework.web.util.WebUtils.getSessionId(WebUtils.java:360) ~[spring-web-6.2.9.jar:6.2.9]
	at org.springframework.web.servlet.FrameworkServlet.publishRequestHandledEvent(FrameworkServlet.java:1152) ~[spring-webmvc-6.2.9.jar:6.2.9]
	at org.springframework.web.servlet.FrameworkServlet.processRequest(FrameworkServlet.java:1031) ~[spring-webmvc-6.2.9.jar:6.2.9]
	at org.springframework.web.servlet.FrameworkServlet.doGet(FrameworkServlet.java:903) ~[spring-webmvc-6.2.9.jar:6.2.9]
	at jakarta.servlet.http.HttpServlet.service(HttpServlet.java:564) ~[tomcat-embed-core-10.1.43.jar:6.0]
	at org.springframework.web.servlet.FrameworkServlet.service(FrameworkServlet.java:885) ~[spring-webmvc-6.2.9.jar:6.2.9]
	at jakarta.servlet.http.HttpServlet.service(HttpServlet.java:658) ~[tomcat-embed-core-10.1.43.jar:6.0]
	at org.apache.catalina.core.ApplicationFilterChain.internalDoFilter(ApplicationFilterChain.java:195) ~[tomcat-embed-core-10.1.43.jar:10.1.43]
	at org.apache.catalina.core.ApplicationFilterChain.doFilter(ApplicationFilterChain.java:140) ~[tomcat-embed-core-10.1.43.jar:10.1.43]
	at org.springframework.web.filter.RequestContextFilter.doFilterInternal(RequestContextFilter.java:100) ~[spring-web-6.2.9.jar:6.2.9]
	at org.springframework.web.filter.OncePerRequestFilter.doFilter(OncePerRequestFilter.java:116) ~[spring-web-6.2.9.jar:6.2.9]
	at org.apache.catalina.core.ApplicationFilterChain.internalDoFilter(ApplicationFilterChain.java:164) ~[tomcat-embed-core-10.1.43.jar:10.1.43]
	at org.apache.catalina.core.ApplicationFilterChain.doFilter(ApplicationFilterChain.java:140) ~[tomcat-embed-core-10.1.43.jar:10.1.43]
	at org.springframework.web.filter.OncePerRequestFilter.doFilter(OncePerRequestFilter.java:101) ~[spring-web-6.2.9.jar:6.2.9]
	at org.apache.catalina.core.ApplicationFilterChain.internalDoFilter(ApplicationFilterChain.java:164) ~[tomcat-embed-core-10.1.43.jar:10.1.43]
	at org.apache.catalina.core.ApplicationFilterChain.doFilter(ApplicationFilterChain.java:140) ~[tomcat-embed-core-10.1.43.jar:10.1.43]
	at org.springframework.session.web.http.SessionRepositoryFilter.doFilterInternal(SessionRepositoryFilter.java:142) ~[spring-session-core-3.5.1.jar:3.5.1]
	at org.springframework.session.web.http.OncePerRequestFilter.doFilter(OncePerRequestFilter.java:82) ~[spring-session-core-3.5.1.jar:3.5.1]
	at org.springframework.web.filter.DelegatingFilterProxy.invokeDelegate(DelegatingFilterProxy.java:362) ~[spring-web-6.2.9.jar:6.2.9]
	at org.springframework.web.filter.DelegatingFilterProxy.doFilter(DelegatingFilterProxy.java:278) ~[spring-web-6.2.9.jar:6.2.9]
	at org.apache.catalina.core.ApplicationFilterChain.internalDoFilter(ApplicationFilterChain.java:164) ~[tomcat-embed-core-10.1.43.jar:10.1.43]
	at org.apache.catalina.core.ApplicationFilterChain.doFilter(ApplicationFilterChain.java:140) ~[tomcat-embed-core-10.1.43.jar:10.1.43]
	at org.springframework.web.filter.OncePerRequestFilter.doFilter(OncePerRequestFilter.java:101) ~[spring-web-6.2.9.jar:6.2.9]
	at org.apache.catalina.core.ApplicationFilterChain.internalDoFilter(ApplicationFilterChain.java:164) ~[tomcat-embed-core-10.1.43.jar:10.1.43]
	at org.apache.catalina.core.ApplicationFilterChain.doFilter(ApplicationFilterChain.java:140) ~[tomcat-embed-core-10.1.43.jar:10.1.43]
	at org.apache.catalina.core.ApplicationDispatcher.invoke(ApplicationDispatcher.java:612) ~[tomcat-embed-core-10.1.43.jar:10.1.43]
	at org.apache.catalina.core.ApplicationDispatcher.processRequest(ApplicationDispatcher.java:396) ~[tomcat-embed-core-10.1.43.jar:10.1.43]
	at org.apache.catalina.core.ApplicationDispatcher.doForward(ApplicationDispatcher.java:323) ~[tomcat-embed-core-10.1.43.jar:10.1.43]
	at org.apache.catalina.core.ApplicationDispatcher.forward(ApplicationDispatcher.java:268) ~[tomcat-embed-core-10.1.43.jar:10.1.43]
	at org.apache.catalina.core.StandardHostValve.custom(StandardHostValve.java:377) ~[tomcat-embed-core-10.1.43.jar:10.1.43]
	at org.apache.catalina.core.StandardHostValve.status(StandardHostValve.java:209) ~[tomcat-embed-core-10.1.43.jar:10.1.43]
	at org.apache.catalina.core.StandardHostValve.throwable(StandardHostValve.java:286) ~[tomcat-embed-core-10.1.43.jar:10.1.43]
	at org.apache.catalina.core.StandardHostValve.invoke(StandardHostValve.java:150) ~[tomcat-embed-core-10.1.43.jar:10.1.43]
	at org.apache.catalina.valves.ErrorReportValve.invoke(ErrorReportValve.java:93) ~[tomcat-embed-core-10.1.43.jar:10.1.43]
	at org.apache.catalina.core.StandardEngineValve.invoke(StandardEngineValve.java:74) ~[tomcat-embed-core-10.1.43.jar:10.1.43]
	at org.apache.catalina.connector.CoyoteAdapter.service(CoyoteAdapter.java:344) ~[tomcat-embed-core-10.1.43.jar:10.1.43]
	at org.apache.coyote.http11.Http11Processor.service(Http11Processor.java:398) ~[tomcat-embed-core-10.1.43.jar:10.1.43]
	at org.apache.coyote.AbstractProcessorLight.process(AbstractProcessorLight.java:63) ~[tomcat-embed-core-10.1.43.jar:10.1.43]
	at org.apache.coyote.AbstractProtocol$ConnectionHandler.process(AbstractProtocol.java:903) ~[tomcat-embed-core-10.1.43.jar:10.1.43]
	at org.apache.tomcat.util.net.NioEndpoint$SocketProcessor.doRun(NioEndpoint.java:1769) ~[tomcat-embed-core-10.1.43.jar:10.1.43]
	at org.apache.tomcat.util.net.SocketProcessorBase.run(SocketProcessorBase.java:52) ~[tomcat-embed-core-10.1.43.jar:10.1.43]
	at org.apache.tomcat.util.threads.ThreadPoolExecutor.runWorker(ThreadPoolExecutor.java:1189) ~[tomcat-embed-core-10.1.43.jar:10.1.43]
	at org.apache.tomcat.util.threads.ThreadPoolExecutor$Worker.run(ThreadPoolExecutor.java:658) ~[tomcat-embed-core-10.1.43.jar:10.1.43]
	at org.apache.tomcat.util.threads.TaskThread$WrappingRunnable.run(TaskThread.java:63) ~[tomcat-embed-core-10.1.43.jar:10.1.43]
	at java.base/java.lang.Thread.run(Thread.java:1583) ~[na:na]
Caused by: redis.clients.jedis.exceptions.JedisConnectionException: Failed to connect to localhost:6379.
	at redis.clients.jedis.DefaultJedisSocketFactory.connectToFirstSuccessfulHost(DefaultJedisSocketFactory.java:68) ~[jedis-6.0.0.jar:na]
	at redis.clients.jedis.DefaultJedisSocketFactory.createSocket(DefaultJedisSocketFactory.java:94) ~[jedis-6.0.0.jar:na]
	at redis.clients.jedis.Connection.connect(Connection.java:232) ~[jedis-6.0.0.jar:na]
	at redis.clients.jedis.Connection.initializeFromClientConfig(Connection.java:455) ~[jedis-6.0.0.jar:na]
	at redis.clients.jedis.Connection.<init>(Connection.java:77) ~[jedis-6.0.0.jar:na]
	at redis.clients.jedis.Jedis.<init>(Jedis.java:233) ~[jedis-6.0.0.jar:na]
	at redis.clients.jedis.JedisFactory.makeObject(JedisFactory.java:170) ~[jedis-6.0.0.jar:na]
	at org.apache.commons.pool2.impl.GenericObjectPool.create(GenericObjectPool.java:557) ~[commons-pool2-2.12.1.jar:2.12.1]
	at org.apache.commons.pool2.impl.GenericObjectPool.borrowObject(GenericObjectPool.java:299) ~[commons-pool2-2.12.1.jar:2.12.1]
	at org.apache.commons.pool2.impl.GenericObjectPool.borrowObject(GenericObjectPool.java:231) ~[commons-pool2-2.12.1.jar:2.12.1]
	at redis.clients.jedis.util.Pool.getResource(Pool.java:38) ~[jedis-6.0.0.jar:na]
	at redis.clients.jedis.JedisPool.getResource(JedisPool.java:378) ~[jedis-6.0.0.jar:na]
	at redis.clients.jedis.JedisPool.getResource(JedisPool.java:17) ~[jedis-6.0.0.jar:na]
	at org.springframework.data.redis.connection.jedis.JedisConnectionFactory.fetchJedisConnector(JedisConnectionFactory.java:930) ~[spring-data-redis-3.5.2.jar:3.5.2]
	... 58 common frames omitted
	Suppressed: java.net.ConnectException: Connection refused: getsockopt
		at java.base/sun.nio.ch.Net.pollConnect(Native Method) ~[na:na]
		at java.base/sun.nio.ch.Net.pollConnectNow(Net.java:682) ~[na:na]
		at java.base/sun.nio.ch.NioSocketImpl.timedFinishConnect(NioSocketImpl.java:542) ~[na:na]
		at java.base/sun.nio.ch.NioSocketImpl.connect(NioSocketImpl.java:592) ~[na:na]
		at java.base/java.net.SocksSocketImpl.connect(SocksSocketImpl.java:327) ~[na:na]
		at java.base/java.net.Socket.connect(Socket.java:751) ~[na:na]
		at redis.clients.jedis.DefaultJedisSocketFactory.connectToFirstSuccessfulHost(DefaultJedisSocketFactory.java:80) ~[jedis-6.0.0.jar:na]
		... 71 common frames omitted
	Suppressed: java.net.ConnectException: Connection refused: getsockopt
		at java.base/sun.nio.ch.Net.pollConnect(Native Method) ~[na:na]
		at java.base/sun.nio.ch.Net.pollConnectNow(Net.java:682) ~[na:na]
		at java.base/sun.nio.ch.NioSocketImpl.timedFinishConnect(NioSocketImpl.java:542) ~[na:na]
		at java.base/sun.nio.ch.NioSocketImpl.connect(NioSocketImpl.java:592) ~[na:na]
		at java.base/java.net.SocksSocketImpl.connect(SocksSocketImpl.java:327) ~[na:na]
		at java.base/java.net.Socket.connect(Socket.java:751) ~[na:na]
		at redis.clients.jedis.DefaultJedisSocketFactory.connectToFirstSuccessfulHost(DefaultJedisSocketFactory.java:80) ~[jedis-6.0.0.jar:na]
		... 71 common frames omitted

2026-04-28T22:21:06.895+08:00 ERROR 6292 --- [yu-ai-code-mother-backend] [nio-8123-exec-7] o.a.c.c.C.[Tomcat].[localhost]           : Exception Processing [ErrorPage[errorCode=0, location=/error]]

org.springframework.data.redis.RedisConnectionFailureException: Cannot get Jedis connection
	at org.springframework.data.redis.connection.jedis.JedisConnectionFactory.fetchJedisConnector(JedisConnectionFactory.java:940) ~[spring-data-redis-3.5.2.jar:3.5.2]
	at org.springframework.data.redis.connection.jedis.JedisConnectionFactory.getConnection(JedisConnectionFactory.java:902) ~[spring-data-redis-3.5.2.jar:3.5.2]
	at org.springframework.data.redis.core.RedisConnectionUtils.fetchConnection(RedisConnectionUtils.java:195) ~[spring-data-redis-3.5.2.jar:3.5.2]
	at org.springframework.data.redis.core.RedisConnectionUtils.doGetConnection(RedisConnectionUtils.java:144) ~[spring-data-redis-3.5.2.jar:3.5.2]
	at org.springframework.data.redis.core.RedisConnectionUtils.getConnection(RedisConnectionUtils.java:105) ~[spring-data-redis-3.5.2.jar:3.5.2]
	at org.springframework.data.redis.core.RedisTemplate.execute(RedisTemplate.java:400) ~[spring-data-redis-3.5.2.jar:3.5.2]
	at org.springframework.data.redis.core.RedisTemplate.execute(RedisTemplate.java:380) ~[spring-data-redis-3.5.2.jar:3.5.2]
	at org.springframework.data.redis.core.AbstractOperations.execute(AbstractOperations.java:117) ~[spring-data-redis-3.5.2.jar:3.5.2]
	at org.springframework.data.redis.core.DefaultHashOperations.entries(DefaultHashOperations.java:323) ~[spring-data-redis-3.5.2.jar:3.5.2]
	at org.springframework.session.data.redis.RedisSessionRepository.findById(RedisSessionRepository.java:138) ~[spring-session-data-redis-3.5.1.jar:3.5.1]
	at org.springframework.session.data.redis.RedisSessionRepository.findById(RedisSessionRepository.java:45) ~[spring-session-data-redis-3.5.1.jar:3.5.1]
	at org.springframework.session.web.http.SessionRepositoryFilter$SessionRepositoryRequestWrapper.getRequestedSession(SessionRepositoryFilter.java:352) ~[spring-session-core-3.5.1.jar:3.5.1]
	at org.springframework.session.web.http.SessionRepositoryFilter$SessionRepositoryRequestWrapper.getSession(SessionRepositoryFilter.java:286) ~[spring-session-core-3.5.1.jar:3.5.1]
	at org.springframework.session.web.http.SessionRepositoryFilter$SessionRepositoryRequestWrapper.getSession(SessionRepositoryFilter.java:193) ~[spring-session-core-3.5.1.jar:3.5.1]
	at org.springframework.web.util.WebUtils.getSessionId(WebUtils.java:360) ~[spring-web-6.2.9.jar:6.2.9]
	at org.springframework.web.servlet.FrameworkServlet.publishRequestHandledEvent(FrameworkServlet.java:1152) ~[spring-webmvc-6.2.9.jar:6.2.9]
	at org.springframework.web.servlet.FrameworkServlet.processRequest(FrameworkServlet.java:1031) ~[spring-webmvc-6.2.9.jar:6.2.9]
	at org.springframework.web.servlet.FrameworkServlet.doGet(FrameworkServlet.java:903) ~[spring-webmvc-6.2.9.jar:6.2.9]
	at jakarta.servlet.http.HttpServlet.service(HttpServlet.java:564) ~[tomcat-embed-core-10.1.43.jar:6.0]
	at org.springframework.web.servlet.FrameworkServlet.service(FrameworkServlet.java:885) ~[spring-webmvc-6.2.9.jar:6.2.9]
	at jakarta.servlet.http.HttpServlet.service(HttpServlet.java:658) ~[tomcat-embed-core-10.1.43.jar:6.0]
	at org.apache.catalina.core.ApplicationFilterChain.internalDoFilter(ApplicationFilterChain.java:195) ~[tomcat-embed-core-10.1.43.jar:10.1.43]
	at org.apache.catalina.core.ApplicationFilterChain.doFilter(ApplicationFilterChain.java:140) ~[tomcat-embed-core-10.1.43.jar:10.1.43]
	at org.springframework.web.filter.RequestContextFilter.doFilterInternal(RequestContextFilter.java:100) ~[spring-web-6.2.9.jar:6.2.9]
	at org.springframework.web.filter.OncePerRequestFilter.doFilter(OncePerRequestFilter.java:116) ~[spring-web-6.2.9.jar:6.2.9]
	at org.apache.catalina.core.ApplicationFilterChain.internalDoFilter(ApplicationFilterChain.java:164) ~[tomcat-embed-core-10.1.43.jar:10.1.43]
	at org.apache.catalina.core.ApplicationFilterChain.doFilter(ApplicationFilterChain.java:140) ~[tomcat-embed-core-10.1.43.jar:10.1.43]
	at org.springframework.web.filter.OncePerRequestFilter.doFilter(OncePerRequestFilter.java:101) ~[spring-web-6.2.9.jar:6.2.9]
	at org.apache.catalina.core.ApplicationFilterChain.internalDoFilter(ApplicationFilterChain.java:164) ~[tomcat-embed-core-10.1.43.jar:10.1.43]
	at org.apache.catalina.core.ApplicationFilterChain.doFilter(ApplicationFilterChain.java:140) ~[tomcat-embed-core-10.1.43.jar:10.1.43]
	at org.springframework.session.web.http.SessionRepositoryFilter.doFilterInternal(SessionRepositoryFilter.java:142) ~[spring-session-core-3.5.1.jar:3.5.1]
	at org.springframework.session.web.http.OncePerRequestFilter.doFilter(OncePerRequestFilter.java:82) ~[spring-session-core-3.5.1.jar:3.5.1]
	at org.springframework.web.filter.DelegatingFilterProxy.invokeDelegate(DelegatingFilterProxy.java:362) ~[spring-web-6.2.9.jar:6.2.9]
	at org.springframework.web.filter.DelegatingFilterProxy.doFilter(DelegatingFilterProxy.java:278) ~[spring-web-6.2.9.jar:6.2.9]
	at org.apache.catalina.core.ApplicationFilterChain.internalDoFilter(ApplicationFilterChain.java:164) ~[tomcat-embed-core-10.1.43.jar:10.1.43]
	at org.apache.catalina.core.ApplicationFilterChain.doFilter(ApplicationFilterChain.java:140) ~[tomcat-embed-core-10.1.43.jar:10.1.43]
	at org.springframework.web.filter.OncePerRequestFilter.doFilter(OncePerRequestFilter.java:101) ~[spring-web-6.2.9.jar:6.2.9]
	at org.apache.catalina.core.ApplicationFilterChain.internalDoFilter(ApplicationFilterChain.java:164) ~[tomcat-embed-core-10.1.43.jar:10.1.43]
	at org.apache.catalina.core.ApplicationFilterChain.doFilter(ApplicationFilterChain.java:140) ~[tomcat-embed-core-10.1.43.jar:10.1.43]
	at org.apache.catalina.core.ApplicationDispatcher.invoke(ApplicationDispatcher.java:612) ~[tomcat-embed-core-10.1.43.jar:10.1.43]
	at org.apache.catalina.core.ApplicationDispatcher.processRequest(ApplicationDispatcher.java:396) ~[tomcat-embed-core-10.1.43.jar:10.1.43]
	at org.apache.catalina.core.ApplicationDispatcher.doForward(ApplicationDispatcher.java:323) ~[tomcat-embed-core-10.1.43.jar:10.1.43]
	at org.apache.catalina.core.ApplicationDispatcher.forward(ApplicationDispatcher.java:268) ~[tomcat-embed-core-10.1.43.jar:10.1.43]
	at org.apache.catalina.core.StandardHostValve.custom(StandardHostValve.java:377) ~[tomcat-embed-core-10.1.43.jar:10.1.43]
	at org.apache.catalina.core.StandardHostValve.status(StandardHostValve.java:209) ~[tomcat-embed-core-10.1.43.jar:10.1.43]
	at org.apache.catalina.core.StandardHostValve.throwable(StandardHostValve.java:286) ~[tomcat-embed-core-10.1.43.jar:10.1.43]
	at org.apache.catalina.core.StandardHostValve.invoke(StandardHostValve.java:150) ~[tomcat-embed-core-10.1.43.jar:10.1.43]
	at org.apache.catalina.valves.ErrorReportValve.invoke(ErrorReportValve.java:93) ~[tomcat-embed-core-10.1.43.jar:10.1.43]
	at org.apache.catalina.core.StandardEngineValve.invoke(StandardEngineValve.java:74) ~[tomcat-embed-core-10.1.43.jar:10.1.43]
	at org.apache.catalina.connector.CoyoteAdapter.service(CoyoteAdapter.java:344) ~[tomcat-embed-core-10.1.43.jar:10.1.43]
	at org.apache.coyote.http11.Http11Processor.service(Http11Processor.java:398) ~[tomcat-embed-core-10.1.43.jar:10.1.43]
	at org.apache.coyote.AbstractProcessorLight.process(AbstractProcessorLight.java:63) ~[tomcat-embed-core-10.1.43.jar:10.1.43]
	at org.apache.coyote.AbstractProtocol$ConnectionHandler.process(AbstractProtocol.java:903) ~[tomcat-embed-core-10.1.43.jar:10.1.43]
	at org.apache.tomcat.util.net.NioEndpoint$SocketProcessor.doRun(NioEndpoint.java:1769) ~[tomcat-embed-core-10.1.43.jar:10.1.43]
	at org.apache.tomcat.util.net.SocketProcessorBase.run(SocketProcessorBase.java:52) ~[tomcat-embed-core-10.1.43.jar:10.1.43]
	at org.apache.tomcat.util.threads.ThreadPoolExecutor.runWorker(ThreadPoolExecutor.java:1189) ~[tomcat-embed-core-10.1.43.jar:10.1.43]
	at org.apache.tomcat.util.threads.ThreadPoolExecutor$Worker.run(ThreadPoolExecutor.java:658) ~[tomcat-embed-core-10.1.43.jar:10.1.43]
	at org.apache.tomcat.util.threads.TaskThread$WrappingRunnable.run(TaskThread.java:63) ~[tomcat-embed-core-10.1.43.jar:10.1.43]
	at java.base/java.lang.Thread.run(Thread.java:1583) ~[na:na]
Caused by: redis.clients.jedis.exceptions.JedisConnectionException: Failed to connect to localhost:6379.
	at redis.clients.jedis.DefaultJedisSocketFactory.connectToFirstSuccessfulHost(DefaultJedisSocketFactory.java:68) ~[jedis-6.0.0.jar:na]
	at redis.clients.jedis.DefaultJedisSocketFactory.createSocket(DefaultJedisSocketFactory.java:94) ~[jedis-6.0.0.jar:na]
	at redis.clients.jedis.Connection.connect(Connection.java:232) ~[jedis-6.0.0.jar:na]
	at redis.clients.jedis.Connection.initializeFromClientConfig(Connection.java:455) ~[jedis-6.0.0.jar:na]
	at redis.clients.jedis.Connection.<init>(Connection.java:77) ~[jedis-6.0.0.jar:na]
	at redis.clients.jedis.Jedis.<init>(Jedis.java:233) ~[jedis-6.0.0.jar:na]
	at redis.clients.jedis.JedisFactory.makeObject(JedisFactory.java:170) ~[jedis-6.0.0.jar:na]
	at org.apache.commons.pool2.impl.GenericObjectPool.create(GenericObjectPool.java:557) ~[commons-pool2-2.12.1.jar:2.12.1]
	at org.apache.commons.pool2.impl.GenericObjectPool.borrowObject(GenericObjectPool.java:299) ~[commons-pool2-2.12.1.jar:2.12.1]
	at org.apache.commons.pool2.impl.GenericObjectPool.borrowObject(GenericObjectPool.java:231) ~[commons-pool2-2.12.1.jar:2.12.1]
	at redis.clients.jedis.util.Pool.getResource(Pool.java:38) ~[jedis-6.0.0.jar:na]
	at redis.clients.jedis.JedisPool.getResource(JedisPool.java:378) ~[jedis-6.0.0.jar:na]
	at redis.clients.jedis.JedisPool.getResource(JedisPool.java:17) ~[jedis-6.0.0.jar:na]
	at org.springframework.data.redis.connection.jedis.JedisConnectionFactory.fetchJedisConnector(JedisConnectionFactory.java:930) ~[spring-data-redis-3.5.2.jar:3.5.2]
	... 58 common frames omitted
	Suppressed: java.net.ConnectException: Connection refused: getsockopt
		at java.base/sun.nio.ch.Net.pollConnect(Native Method) ~[na:na]
		at java.base/sun.nio.ch.Net.pollConnectNow(Net.java:682) ~[na:na]
		at java.base/sun.nio.ch.NioSocketImpl.timedFinishConnect(NioSocketImpl.java:542) ~[na:na]
		at java.base/sun.nio.ch.NioSocketImpl.connect(NioSocketImpl.java:592) ~[na:na]
		at java.base/java.net.SocksSocketImpl.connect(SocksSocketImpl.java:327) ~[na:na]
		at java.base/java.net.Socket.connect(Socket.java:751) ~[na:na]
		at redis.clients.jedis.DefaultJedisSocketFactory.connectToFirstSuccessfulHost(DefaultJedisSocketFactory.java:80) ~[jedis-6.0.0.jar:na]
		... 71 common frames omitted
	Suppressed: java.net.ConnectException: Connection refused: getsockopt
		at java.base/sun.nio.ch.Net.pollConnect(Native Method) ~[na:na]
		at java.base/sun.nio.ch.Net.pollConnectNow(Net.java:682) ~[na:na]
		at java.base/sun.nio.ch.NioSocketImpl.timedFinishConnect(NioSocketImpl.java:542) ~[na:na]
		at java.base/sun.nio.ch.NioSocketImpl.connect(NioSocketImpl.java:592) ~[na:na]
		at java.base/java.net.SocksSocketImpl.connect(SocksSocketImpl.java:327) ~[na:na]
		at java.base/java.net.Socket.connect(Socket.java:751) ~[na:na]
		at redis.clients.jedis.DefaultJedisSocketFactory.connectToFirstSuccessfulHost(DefaultJedisSocketFactory.java:80) ~[jedis-6.0.0.jar:na]
		... 71 common frames omitted

2026-04-28T22:21:09.615+08:00 ERROR 6292 --- [yu-ai-code-mother-backend] [nio-8123-exec-8] o.a.c.c.C.[.[.[.[dispatcherServlet]      : Servlet.service() for servlet [dispatcherServlet] in context with path [/api] threw exception

org.springframework.data.redis.RedisConnectionFailureException: Cannot get Jedis connection
	at org.springframework.data.redis.connection.jedis.JedisConnectionFactory.fetchJedisConnector(JedisConnectionFactory.java:940) ~[spring-data-redis-3.5.2.jar:3.5.2]
	at org.springframework.data.redis.connection.jedis.JedisConnectionFactory.getConnection(JedisConnectionFactory.java:902) ~[spring-data-redis-3.5.2.jar:3.5.2]
	at org.springframework.data.redis.core.RedisConnectionUtils.fetchConnection(RedisConnectionUtils.java:195) ~[spring-data-redis-3.5.2.jar:3.5.2]
	at org.springframework.data.redis.core.RedisConnectionUtils.doGetConnection(RedisConnectionUtils.java:144) ~[spring-data-redis-3.5.2.jar:3.5.2]
	at org.springframework.data.redis.core.RedisConnectionUtils.getConnection(RedisConnectionUtils.java:105) ~[spring-data-redis-3.5.2.jar:3.5.2]
	at org.springframework.data.redis.core.RedisTemplate.execute(RedisTemplate.java:400) ~[spring-data-redis-3.5.2.jar:3.5.2]
	at org.springframework.data.redis.core.RedisTemplate.execute(RedisTemplate.java:380) ~[spring-data-redis-3.5.2.jar:3.5.2]
	at org.springframework.data.redis.core.AbstractOperations.execute(AbstractOperations.java:117) ~[spring-data-redis-3.5.2.jar:3.5.2]
	at org.springframework.data.redis.core.DefaultHashOperations.entries(DefaultHashOperations.java:323) ~[spring-data-redis-3.5.2.jar:3.5.2]
	at org.springframework.session.data.redis.RedisSessionRepository.findById(RedisSessionRepository.java:138) ~[spring-session-data-redis-3.5.1.jar:3.5.1]
	at org.springframework.session.data.redis.RedisSessionRepository.findById(RedisSessionRepository.java:45) ~[spring-session-data-redis-3.5.1.jar:3.5.1]
	at org.springframework.session.web.http.SessionRepositoryFilter$SessionRepositoryRequestWrapper.getRequestedSession(SessionRepositoryFilter.java:352) ~[spring-session-core-3.5.1.jar:3.5.1]
	at org.springframework.session.web.http.SessionRepositoryFilter$SessionRepositoryRequestWrapper.getSession(SessionRepositoryFilter.java:286) ~[spring-session-core-3.5.1.jar:3.5.1]
	at org.springframework.session.web.http.SessionRepositoryFilter$SessionRepositoryRequestWrapper.getSession(SessionRepositoryFilter.java:193) ~[spring-session-core-3.5.1.jar:3.5.1]
	at org.springframework.web.util.WebUtils.getSessionId(WebUtils.java:360) ~[spring-web-6.2.9.jar:6.2.9]
	at org.springframework.web.servlet.FrameworkServlet.publishRequestHandledEvent(FrameworkServlet.java:1152) ~[spring-webmvc-6.2.9.jar:6.2.9]
	at org.springframework.web.servlet.FrameworkServlet.processRequest(FrameworkServlet.java:1031) ~[spring-webmvc-6.2.9.jar:6.2.9]
	at org.springframework.web.servlet.FrameworkServlet.doGet(FrameworkServlet.java:903) ~[spring-webmvc-6.2.9.jar:6.2.9]
	at jakarta.servlet.http.HttpServlet.service(HttpServlet.java:564) ~[tomcat-embed-core-10.1.43.jar:6.0]
	at org.springframework.web.servlet.FrameworkServlet.service(FrameworkServlet.java:885) ~[spring-webmvc-6.2.9.jar:6.2.9]
	at jakarta.servlet.http.HttpServlet.service(HttpServlet.java:658) ~[tomcat-embed-core-10.1.43.jar:6.0]
	at org.apache.catalina.core.ApplicationFilterChain.internalDoFilter(ApplicationFilterChain.java:195) ~[tomcat-embed-core-10.1.43.jar:10.1.43]
	at org.apache.catalina.core.ApplicationFilterChain.doFilter(ApplicationFilterChain.java:140) ~[tomcat-embed-core-10.1.43.jar:10.1.43]
	at org.apache.tomcat.websocket.server.WsFilter.doFilter(WsFilter.java:51) ~[tomcat-embed-websocket-10.1.43.jar:10.1.43]
	at org.apache.catalina.core.ApplicationFilterChain.internalDoFilter(ApplicationFilterChain.java:164) ~[tomcat-embed-core-10.1.43.jar:10.1.43]
	at org.apache.catalina.core.ApplicationFilterChain.doFilter(ApplicationFilterChain.java:140) ~[tomcat-embed-core-10.1.43.jar:10.1.43]
	at org.springframework.web.filter.RequestContextFilter.doFilterInternal(RequestContextFilter.java:100) ~[spring-web-6.2.9.jar:6.2.9]
	at org.springframework.web.filter.OncePerRequestFilter.doFilter(OncePerRequestFilter.java:116) ~[spring-web-6.2.9.jar:6.2.9]
	at org.apache.catalina.core.ApplicationFilterChain.internalDoFilter(ApplicationFilterChain.java:164) ~[tomcat-embed-core-10.1.43.jar:10.1.43]
	at org.apache.catalina.core.ApplicationFilterChain.doFilter(ApplicationFilterChain.java:140) ~[tomcat-embed-core-10.1.43.jar:10.1.43]
	at org.springframework.web.filter.FormContentFilter.doFilterInternal(FormContentFilter.java:93) ~[spring-web-6.2.9.jar:6.2.9]
	at org.springframework.web.filter.OncePerRequestFilter.doFilter(OncePerRequestFilter.java:116) ~[spring-web-6.2.9.jar:6.2.9]
	at org.apache.catalina.core.ApplicationFilterChain.internalDoFilter(ApplicationFilterChain.java:164) ~[tomcat-embed-core-10.1.43.jar:10.1.43]
	at org.apache.catalina.core.ApplicationFilterChain.doFilter(ApplicationFilterChain.java:140) ~[tomcat-embed-core-10.1.43.jar:10.1.43]
	at org.springframework.session.web.http.SessionRepositoryFilter.doFilterInternal(SessionRepositoryFilter.java:142) ~[spring-session-core-3.5.1.jar:3.5.1]
	at org.springframework.session.web.http.OncePerRequestFilter.doFilter(OncePerRequestFilter.java:82) ~[spring-session-core-3.5.1.jar:3.5.1]
	at org.springframework.web.filter.DelegatingFilterProxy.invokeDelegate(DelegatingFilterProxy.java:362) ~[spring-web-6.2.9.jar:6.2.9]
	at org.springframework.web.filter.DelegatingFilterProxy.doFilter(DelegatingFilterProxy.java:278) ~[spring-web-6.2.9.jar:6.2.9]
	at org.apache.catalina.core.ApplicationFilterChain.internalDoFilter(ApplicationFilterChain.java:164) ~[tomcat-embed-core-10.1.43.jar:10.1.43]
	at org.apache.catalina.core.ApplicationFilterChain.doFilter(ApplicationFilterChain.java:140) ~[tomcat-embed-core-10.1.43.jar:10.1.43]
	at org.springframework.web.filter.ServerHttpObservationFilter.doFilterInternal(ServerHttpObservationFilter.java:110) ~[spring-web-6.2.9.jar:6.2.9]
	at org.springframework.web.filter.OncePerRequestFilter.doFilter(OncePerRequestFilter.java:116) ~[spring-web-6.2.9.jar:6.2.9]
	at org.apache.catalina.core.ApplicationFilterChain.internalDoFilter(ApplicationFilterChain.java:164) ~[tomcat-embed-core-10.1.43.jar:10.1.43]
	at org.apache.catalina.core.ApplicationFilterChain.doFilter(ApplicationFilterChain.java:140) ~[tomcat-embed-core-10.1.43.jar:10.1.43]
	at org.springframework.web.filter.CharacterEncodingFilter.doFilterInternal(CharacterEncodingFilter.java:201) ~[spring-web-6.2.9.jar:6.2.9]
	at org.springframework.web.filter.OncePerRequestFilter.doFilter(OncePerRequestFilter.java:116) ~[spring-web-6.2.9.jar:6.2.9]
	at org.apache.catalina.core.ApplicationFilterChain.internalDoFilter(ApplicationFilterChain.java:164) ~[tomcat-embed-core-10.1.43.jar:10.1.43]
	at org.apache.catalina.core.ApplicationFilterChain.doFilter(ApplicationFilterChain.java:140) ~[tomcat-embed-core-10.1.43.jar:10.1.43]
	at org.apache.catalina.core.StandardWrapperValve.invoke(StandardWrapperValve.java:167) ~[tomcat-embed-core-10.1.43.jar:10.1.43]
	at org.apache.catalina.core.StandardContextValve.invoke(StandardContextValve.java:90) ~[tomcat-embed-core-10.1.43.jar:10.1.43]
	at org.apache.catalina.authenticator.AuthenticatorBase.invoke(AuthenticatorBase.java:483) ~[tomcat-embed-core-10.1.43.jar:10.1.43]
	at org.apache.catalina.core.StandardHostValve.invoke(StandardHostValve.java:116) ~[tomcat-embed-core-10.1.43.jar:10.1.43]
	at org.apache.catalina.valves.ErrorReportValve.invoke(ErrorReportValve.java:93) ~[tomcat-embed-core-10.1.43.jar:10.1.43]
	at org.apache.catalina.core.StandardEngineValve.invoke(StandardEngineValve.java:74) ~[tomcat-embed-core-10.1.43.jar:10.1.43]
	at org.apache.catalina.connector.CoyoteAdapter.service(CoyoteAdapter.java:344) ~[tomcat-embed-core-10.1.43.jar:10.1.43]
	at org.apache.coyote.http11.Http11Processor.service(Http11Processor.java:398) ~[tomcat-embed-core-10.1.43.jar:10.1.43]
	at org.apache.coyote.AbstractProcessorLight.process(AbstractProcessorLight.java:63) ~[tomcat-embed-core-10.1.43.jar:10.1.43]
	at org.apache.coyote.AbstractProtocol$ConnectionHandler.process(AbstractProtocol.java:903) ~[tomcat-embed-core-10.1.43.jar:10.1.43]
	at org.apache.tomcat.util.net.NioEndpoint$SocketProcessor.doRun(NioEndpoint.java:1769) ~[tomcat-embed-core-10.1.43.jar:10.1.43]
	at org.apache.tomcat.util.net.SocketProcessorBase.run(SocketProcessorBase.java:52) ~[tomcat-embed-core-10.1.43.jar:10.1.43]
	at org.apache.tomcat.util.threads.ThreadPoolExecutor.runWorker(ThreadPoolExecutor.java:1189) ~[tomcat-embed-core-10.1.43.jar:10.1.43]
	at org.apache.tomcat.util.threads.ThreadPoolExecutor$Worker.run(ThreadPoolExecutor.java:658) ~[tomcat-embed-core-10.1.43.jar:10.1.43]
	at org.apache.tomcat.util.threads.TaskThread$WrappingRunnable.run(TaskThread.java:63) ~[tomcat-embed-core-10.1.43.jar:10.1.43]
	at java.base/java.lang.Thread.run(Thread.java:1583) ~[na:na]
Caused by: redis.clients.jedis.exceptions.JedisConnectionException: Failed to connect to localhost:6379.
	at redis.clients.jedis.DefaultJedisSocketFactory.connectToFirstSuccessfulHost(DefaultJedisSocketFactory.java:68) ~[jedis-6.0.0.jar:na]
	at redis.clients.jedis.DefaultJedisSocketFactory.createSocket(DefaultJedisSocketFactory.java:94) ~[jedis-6.0.0.jar:na]
	at redis.clients.jedis.Connection.connect(Connection.java:232) ~[jedis-6.0.0.jar:na]
	at redis.clients.jedis.Connection.initializeFromClientConfig(Connection.java:455) ~[jedis-6.0.0.jar:na]
	at redis.clients.jedis.Connection.<init>(Connection.java:77) ~[jedis-6.0.0.jar:na]
	at redis.clients.jedis.Jedis.<init>(Jedis.java:233) ~[jedis-6.0.0.jar:na]
	at redis.clients.jedis.JedisFactory.makeObject(JedisFactory.java:170) ~[jedis-6.0.0.jar:na]
	at org.apache.commons.pool2.impl.GenericObjectPool.create(GenericObjectPool.java:557) ~[commons-pool2-2.12.1.jar:2.12.1]
	at org.apache.commons.pool2.impl.GenericObjectPool.borrowObject(GenericObjectPool.java:299) ~[commons-pool2-2.12.1.jar:2.12.1]
	at org.apache.commons.pool2.impl.GenericObjectPool.borrowObject(GenericObjectPool.java:231) ~[commons-pool2-2.12.1.jar:2.12.1]
	at redis.clients.jedis.util.Pool.getResource(Pool.java:38) ~[jedis-6.0.0.jar:na]
	at redis.clients.jedis.JedisPool.getResource(JedisPool.java:378) ~[jedis-6.0.0.jar:na]
	at redis.clients.jedis.JedisPool.getResource(JedisPool.java:17) ~[jedis-6.0.0.jar:na]
	at org.springframework.data.redis.connection.jedis.JedisConnectionFactory.fetchJedisConnector(JedisConnectionFactory.java:930) ~[spring-data-redis-3.5.2.jar:3.5.2]
	... 63 common frames omitted
	Suppressed: java.net.ConnectException: Connection refused: getsockopt
		at java.base/sun.nio.ch.Net.pollConnect(Native Method) ~[na:na]
		at java.base/sun.nio.ch.Net.pollConnectNow(Net.java:682) ~[na:na]
		at java.base/sun.nio.ch.NioSocketImpl.timedFinishConnect(NioSocketImpl.java:542) ~[na:na]
		at java.base/sun.nio.ch.NioSocketImpl.connect(NioSocketImpl.java:592) ~[na:na]
		at java.base/java.net.SocksSocketImpl.connect(SocksSocketImpl.java:327) ~[na:na]
		at java.base/java.net.Socket.connect(Socket.java:751) ~[na:na]
		at redis.clients.jedis.DefaultJedisSocketFactory.connectToFirstSuccessfulHost(DefaultJedisSocketFactory.java:80) ~[jedis-6.0.0.jar:na]
		... 76 common frames omitted
	Suppressed: java.net.ConnectException: Connection refused: getsockopt
		at java.base/sun.nio.ch.Net.pollConnect(Native Method) ~[na:na]
		at java.base/sun.nio.ch.Net.pollConnectNow(Net.java:682) ~[na:na]
		at java.base/sun.nio.ch.NioSocketImpl.timedFinishConnect(NioSocketImpl.java:542) ~[na:na]
		at java.base/sun.nio.ch.NioSocketImpl.connect(NioSocketImpl.java:592) ~[na:na]
		at java.base/java.net.SocksSocketImpl.connect(SocksSocketImpl.java:327) ~[na:na]
		at java.base/java.net.Socket.connect(Socket.java:751) ~[na:na]
		at redis.clients.jedis.DefaultJedisSocketFactory.connectToFirstSuccessfulHost(DefaultJedisSocketFactory.java:80) ~[jedis-6.0.0.jar:na]
		... 76 common frames omitted

2026-04-28T22:21:09.658+08:00 ERROR 6292 --- [yu-ai-code-mother-backend] [nio-8123-exec-8] o.a.c.c.C.[.[.[.[dispatcherServlet]      : Servlet.service() for servlet [dispatcherServlet] threw exception

org.springframework.data.redis.RedisConnectionFailureException: Cannot get Jedis connection
	at org.springframework.data.redis.connection.jedis.JedisConnectionFactory.fetchJedisConnector(JedisConnectionFactory.java:940) ~[spring-data-redis-3.5.2.jar:3.5.2]
	at org.springframework.data.redis.connection.jedis.JedisConnectionFactory.getConnection(JedisConnectionFactory.java:902) ~[spring-data-redis-3.5.2.jar:3.5.2]
	at org.springframework.data.redis.core.RedisConnectionUtils.fetchConnection(RedisConnectionUtils.java:195) ~[spring-data-redis-3.5.2.jar:3.5.2]
	at org.springframework.data.redis.core.RedisConnectionUtils.doGetConnection(RedisConnectionUtils.java:144) ~[spring-data-redis-3.5.2.jar:3.5.2]
	at org.springframework.data.redis.core.RedisConnectionUtils.getConnection(RedisConnectionUtils.java:105) ~[spring-data-redis-3.5.2.jar:3.5.2]
	at org.springframework.data.redis.core.RedisTemplate.execute(RedisTemplate.java:400) ~[spring-data-redis-3.5.2.jar:3.5.2]
	at org.springframework.data.redis.core.RedisTemplate.execute(RedisTemplate.java:380) ~[spring-data-redis-3.5.2.jar:3.5.2]
	at org.springframework.data.redis.core.AbstractOperations.execute(AbstractOperations.java:117) ~[spring-data-redis-3.5.2.jar:3.5.2]
	at org.springframework.data.redis.core.DefaultHashOperations.entries(DefaultHashOperations.java:323) ~[spring-data-redis-3.5.2.jar:3.5.2]
	at org.springframework.session.data.redis.RedisSessionRepository.findById(RedisSessionRepository.java:138) ~[spring-session-data-redis-3.5.1.jar:3.5.1]
	at org.springframework.session.data.redis.RedisSessionRepository.findById(RedisSessionRepository.java:45) ~[spring-session-data-redis-3.5.1.jar:3.5.1]
	at org.springframework.session.web.http.SessionRepositoryFilter$SessionRepositoryRequestWrapper.getRequestedSession(SessionRepositoryFilter.java:352) ~[spring-session-core-3.5.1.jar:3.5.1]
	at org.springframework.session.web.http.SessionRepositoryFilter$SessionRepositoryRequestWrapper.getSession(SessionRepositoryFilter.java:286) ~[spring-session-core-3.5.1.jar:3.5.1]
	at org.springframework.session.web.http.SessionRepositoryFilter$SessionRepositoryRequestWrapper.getSession(SessionRepositoryFilter.java:193) ~[spring-session-core-3.5.1.jar:3.5.1]
	at org.springframework.web.util.WebUtils.getSessionId(WebUtils.java:360) ~[spring-web-6.2.9.jar:6.2.9]
	at org.springframework.web.servlet.FrameworkServlet.publishRequestHandledEvent(FrameworkServlet.java:1152) ~[spring-webmvc-6.2.9.jar:6.2.9]
	at org.springframework.web.servlet.FrameworkServlet.processRequest(FrameworkServlet.java:1031) ~[spring-webmvc-6.2.9.jar:6.2.9]
	at org.springframework.web.servlet.FrameworkServlet.doGet(FrameworkServlet.java:903) ~[spring-webmvc-6.2.9.jar:6.2.9]
	at jakarta.servlet.http.HttpServlet.service(HttpServlet.java:564) ~[tomcat-embed-core-10.1.43.jar:6.0]
	at org.springframework.web.servlet.FrameworkServlet.service(FrameworkServlet.java:885) ~[spring-webmvc-6.2.9.jar:6.2.9]
	at jakarta.servlet.http.HttpServlet.service(HttpServlet.java:658) ~[tomcat-embed-core-10.1.43.jar:6.0]
	at org.apache.catalina.core.ApplicationFilterChain.internalDoFilter(ApplicationFilterChain.java:195) ~[tomcat-embed-core-10.1.43.jar:10.1.43]
	at org.apache.catalina.core.ApplicationFilterChain.doFilter(ApplicationFilterChain.java:140) ~[tomcat-embed-core-10.1.43.jar:10.1.43]
	at org.springframework.web.filter.RequestContextFilter.doFilterInternal(RequestContextFilter.java:100) ~[spring-web-6.2.9.jar:6.2.9]
	at org.springframework.web.filter.OncePerRequestFilter.doFilter(OncePerRequestFilter.java:116) ~[spring-web-6.2.9.jar:6.2.9]
	at org.apache.catalina.core.ApplicationFilterChain.internalDoFilter(ApplicationFilterChain.java:164) ~[tomcat-embed-core-10.1.43.jar:10.1.43]
	at org.apache.catalina.core.ApplicationFilterChain.doFilter(ApplicationFilterChain.java:140) ~[tomcat-embed-core-10.1.43.jar:10.1.43]
	at org.springframework.web.filter.OncePerRequestFilter.doFilter(OncePerRequestFilter.java:101) ~[spring-web-6.2.9.jar:6.2.9]
	at org.apache.catalina.core.ApplicationFilterChain.internalDoFilter(ApplicationFilterChain.java:164) ~[tomcat-embed-core-10.1.43.jar:10.1.43]
	at org.apache.catalina.core.ApplicationFilterChain.doFilter(ApplicationFilterChain.java:140) ~[tomcat-embed-core-10.1.43.jar:10.1.43]
	at org.springframework.session.web.http.SessionRepositoryFilter.doFilterInternal(SessionRepositoryFilter.java:142) ~[spring-session-core-3.5.1.jar:3.5.1]
	at org.springframework.session.web.http.OncePerRequestFilter.doFilter(OncePerRequestFilter.java:82) ~[spring-session-core-3.5.1.jar:3.5.1]
	at org.springframework.web.filter.DelegatingFilterProxy.invokeDelegate(DelegatingFilterProxy.java:362) ~[spring-web-6.2.9.jar:6.2.9]
	at org.springframework.web.filter.DelegatingFilterProxy.doFilter(DelegatingFilterProxy.java:278) ~[spring-web-6.2.9.jar:6.2.9]
	at org.apache.catalina.core.ApplicationFilterChain.internalDoFilter(ApplicationFilterChain.java:164) ~[tomcat-embed-core-10.1.43.jar:10.1.43]
	at org.apache.catalina.core.ApplicationFilterChain.doFilter(ApplicationFilterChain.java:140) ~[tomcat-embed-core-10.1.43.jar:10.1.43]
	at org.springframework.web.filter.OncePerRequestFilter.doFilter(OncePerRequestFilter.java:101) ~[spring-web-6.2.9.jar:6.2.9]
	at org.apache.catalina.core.ApplicationFilterChain.internalDoFilter(ApplicationFilterChain.java:164) ~[tomcat-embed-core-10.1.43.jar:10.1.43]
	at org.apache.catalina.core.ApplicationFilterChain.doFilter(ApplicationFilterChain.java:140) ~[tomcat-embed-core-10.1.43.jar:10.1.43]
	at org.apache.catalina.core.ApplicationDispatcher.invoke(ApplicationDispatcher.java:612) ~[tomcat-embed-core-10.1.43.jar:10.1.43]
	at org.apache.catalina.core.ApplicationDispatcher.processRequest(ApplicationDispatcher.java:396) ~[tomcat-embed-core-10.1.43.jar:10.1.43]
	at org.apache.catalina.core.ApplicationDispatcher.doForward(ApplicationDispatcher.java:323) ~[tomcat-embed-core-10.1.43.jar:10.1.43]
	at org.apache.catalina.core.ApplicationDispatcher.forward(ApplicationDispatcher.java:268) ~[tomcat-embed-core-10.1.43.jar:10.1.43]
	at org.apache.catalina.core.StandardHostValve.custom(StandardHostValve.java:377) ~[tomcat-embed-core-10.1.43.jar:10.1.43]
	at org.apache.catalina.core.StandardHostValve.status(StandardHostValve.java:209) ~[tomcat-embed-core-10.1.43.jar:10.1.43]
	at org.apache.catalina.core.StandardHostValve.throwable(StandardHostValve.java:286) ~[tomcat-embed-core-10.1.43.jar:10.1.43]
	at org.apache.catalina.core.StandardHostValve.invoke(StandardHostValve.java:150) ~[tomcat-embed-core-10.1.43.jar:10.1.43]
	at org.apache.catalina.valves.ErrorReportValve.invoke(ErrorReportValve.java:93) ~[tomcat-embed-core-10.1.43.jar:10.1.43]
	at org.apache.catalina.core.StandardEngineValve.invoke(StandardEngineValve.java:74) ~[tomcat-embed-core-10.1.43.jar:10.1.43]
	at org.apache.catalina.connector.CoyoteAdapter.service(CoyoteAdapter.java:344) ~[tomcat-embed-core-10.1.43.jar:10.1.43]
	at org.apache.coyote.http11.Http11Processor.service(Http11Processor.java:398) ~[tomcat-embed-core-10.1.43.jar:10.1.43]
	at org.apache.coyote.AbstractProcessorLight.process(AbstractProcessorLight.java:63) ~[tomcat-embed-core-10.1.43.jar:10.1.43]
	at org.apache.coyote.AbstractProtocol$ConnectionHandler.process(AbstractProtocol.java:903) ~[tomcat-embed-core-10.1.43.jar:10.1.43]
	at org.apache.tomcat.util.net.NioEndpoint$SocketProcessor.doRun(NioEndpoint.java:1769) ~[tomcat-embed-core-10.1.43.jar:10.1.43]
	at org.apache.tomcat.util.net.SocketProcessorBase.run(SocketProcessorBase.java:52) ~[tomcat-embed-core-10.1.43.jar:10.1.43]
	at org.apache.tomcat.util.threads.ThreadPoolExecutor.runWorker(ThreadPoolExecutor.java:1189) ~[tomcat-embed-core-10.1.43.jar:10.1.43]
	at org.apache.tomcat.util.threads.ThreadPoolExecutor$Worker.run(ThreadPoolExecutor.java:658) ~[tomcat-embed-core-10.1.43.jar:10.1.43]
	at org.apache.tomcat.util.threads.TaskThread$WrappingRunnable.run(TaskThread.java:63) ~[tomcat-embed-core-10.1.43.jar:10.1.43]
	at java.base/java.lang.Thread.run(Thread.java:1583) ~[na:na]
Caused by: redis.clients.jedis.exceptions.JedisConnectionException: Failed to connect to localhost:6379.
	at redis.clients.jedis.DefaultJedisSocketFactory.connectToFirstSuccessfulHost(DefaultJedisSocketFactory.java:68) ~[jedis-6.0.0.jar:na]
	at redis.clients.jedis.DefaultJedisSocketFactory.createSocket(DefaultJedisSocketFactory.java:94) ~[jedis-6.0.0.jar:na]
	at redis.clients.jedis.Connection.connect(Connection.java:232) ~[jedis-6.0.0.jar:na]
	at redis.clients.jedis.Connection.initializeFromClientConfig(Connection.java:455) ~[jedis-6.0.0.jar:na]
	at redis.clients.jedis.Connection.<init>(Connection.java:77) ~[jedis-6.0.0.jar:na]
	at redis.clients.jedis.Jedis.<init>(Jedis.java:233) ~[jedis-6.0.0.jar:na]
	at redis.clients.jedis.JedisFactory.makeObject(JedisFactory.java:170) ~[jedis-6.0.0.jar:na]
	at org.apache.commons.pool2.impl.GenericObjectPool.create(GenericObjectPool.java:557) ~[commons-pool2-2.12.1.jar:2.12.1]
	at org.apache.commons.pool2.impl.GenericObjectPool.borrowObject(GenericObjectPool.java:299) ~[commons-pool2-2.12.1.jar:2.12.1]
	at org.apache.commons.pool2.impl.GenericObjectPool.borrowObject(GenericObjectPool.java:231) ~[commons-pool2-2.12.1.jar:2.12.1]
	at redis.clients.jedis.util.Pool.getResource(Pool.java:38) ~[jedis-6.0.0.jar:na]
	at redis.clients.jedis.JedisPool.getResource(JedisPool.java:378) ~[jedis-6.0.0.jar:na]
	at redis.clients.jedis.JedisPool.getResource(JedisPool.java:17) ~[jedis-6.0.0.jar:na]
	at org.springframework.data.redis.connection.jedis.JedisConnectionFactory.fetchJedisConnector(JedisConnectionFactory.java:930) ~[spring-data-redis-3.5.2.jar:3.5.2]
	... 58 common frames omitted
	Suppressed: java.net.ConnectException: Connection refused: getsockopt
		at java.base/sun.nio.ch.Net.pollConnect(Native Method) ~[na:na]
		at java.base/sun.nio.ch.Net.pollConnectNow(Net.java:682) ~[na:na]
		at java.base/sun.nio.ch.NioSocketImpl.timedFinishConnect(NioSocketImpl.java:542) ~[na:na]
		at java.base/sun.nio.ch.NioSocketImpl.connect(NioSocketImpl.java:592) ~[na:na]
		at java.base/java.net.SocksSocketImpl.connect(SocksSocketImpl.java:327) ~[na:na]
		at java.base/java.net.Socket.connect(Socket.java:751) ~[na:na]
		at redis.clients.jedis.DefaultJedisSocketFactory.connectToFirstSuccessfulHost(DefaultJedisSocketFactory.java:80) ~[jedis-6.0.0.jar:na]
		... 71 common frames omitted
	Suppressed: java.net.ConnectException: Connection refused: getsockopt
		at java.base/sun.nio.ch.Net.pollConnect(Native Method) ~[na:na]
		at java.base/sun.nio.ch.Net.pollConnectNow(Net.java:682) ~[na:na]
		at java.base/sun.nio.ch.NioSocketImpl.timedFinishConnect(NioSocketImpl.java:542) ~[na:na]
		at java.base/sun.nio.ch.NioSocketImpl.connect(NioSocketImpl.java:592) ~[na:na]
		at java.base/java.net.SocksSocketImpl.connect(SocksSocketImpl.java:327) ~[na:na]
		at java.base/java.net.Socket.connect(Socket.java:751) ~[na:na]
		at redis.clients.jedis.DefaultJedisSocketFactory.connectToFirstSuccessfulHost(DefaultJedisSocketFactory.java:80) ~[jedis-6.0.0.jar:na]
		... 71 common frames omitted

2026-04-28T22:21:09.664+08:00 ERROR 6292 --- [yu-ai-code-mother-backend] [nio-8123-exec-8] o.a.c.c.C.[Tomcat].[localhost]           : Exception Processing [ErrorPage[errorCode=0, location=/error]]

org.springframework.data.redis.RedisConnectionFailureException: Cannot get Jedis connection
	at org.springframework.data.redis.connection.jedis.JedisConnectionFactory.fetchJedisConnector(JedisConnectionFactory.java:940) ~[spring-data-redis-3.5.2.jar:3.5.2]
	at org.springframework.data.redis.connection.jedis.JedisConnectionFactory.getConnection(JedisConnectionFactory.java:902) ~[spring-data-redis-3.5.2.jar:3.5.2]
	at org.springframework.data.redis.core.RedisConnectionUtils.fetchConnection(RedisConnectionUtils.java:195) ~[spring-data-redis-3.5.2.jar:3.5.2]
	at org.springframework.data.redis.core.RedisConnectionUtils.doGetConnection(RedisConnectionUtils.java:144) ~[spring-data-redis-3.5.2.jar:3.5.2]
	at org.springframework.data.redis.core.RedisConnectionUtils.getConnection(RedisConnectionUtils.java:105) ~[spring-data-redis-3.5.2.jar:3.5.2]
	at org.springframework.data.redis.core.RedisTemplate.execute(RedisTemplate.java:400) ~[spring-data-redis-3.5.2.jar:3.5.2]
	at org.springframework.data.redis.core.RedisTemplate.execute(RedisTemplate.java:380) ~[spring-data-redis-3.5.2.jar:3.5.2]
	at org.springframework.data.redis.core.AbstractOperations.execute(AbstractOperations.java:117) ~[spring-data-redis-3.5.2.jar:3.5.2]
	at org.springframework.data.redis.core.DefaultHashOperations.entries(DefaultHashOperations.java:323) ~[spring-data-redis-3.5.2.jar:3.5.2]
	at org.springframework.session.data.redis.RedisSessionRepository.findById(RedisSessionRepository.java:138) ~[spring-session-data-redis-3.5.1.jar:3.5.1]
	at org.springframework.session.data.redis.RedisSessionRepository.findById(RedisSessionRepository.java:45) ~[spring-session-data-redis-3.5.1.jar:3.5.1]
	at org.springframework.session.web.http.SessionRepositoryFilter$SessionRepositoryRequestWrapper.getRequestedSession(SessionRepositoryFilter.java:352) ~[spring-session-core-3.5.1.jar:3.5.1]
	at org.springframework.session.web.http.SessionRepositoryFilter$SessionRepositoryRequestWrapper.getSession(SessionRepositoryFilter.java:286) ~[spring-session-core-3.5.1.jar:3.5.1]
	at org.springframework.session.web.http.SessionRepositoryFilter$SessionRepositoryRequestWrapper.getSession(SessionRepositoryFilter.java:193) ~[spring-session-core-3.5.1.jar:3.5.1]
	at org.springframework.web.util.WebUtils.getSessionId(WebUtils.java:360) ~[spring-web-6.2.9.jar:6.2.9]
	at org.springframework.web.servlet.FrameworkServlet.publishRequestHandledEvent(FrameworkServlet.java:1152) ~[spring-webmvc-6.2.9.jar:6.2.9]
	at org.springframework.web.servlet.FrameworkServlet.processRequest(FrameworkServlet.java:1031) ~[spring-webmvc-6.2.9.jar:6.2.9]
	at org.springframework.web.servlet.FrameworkServlet.doGet(FrameworkServlet.java:903) ~[spring-webmvc-6.2.9.jar:6.2.9]
	at jakarta.servlet.http.HttpServlet.service(HttpServlet.java:564) ~[tomcat-embed-core-10.1.43.jar:6.0]
	at org.springframework.web.servlet.FrameworkServlet.service(FrameworkServlet.java:885) ~[spring-webmvc-6.2.9.jar:6.2.9]
	at jakarta.servlet.http.HttpServlet.service(HttpServlet.java:658) ~[tomcat-embed-core-10.1.43.jar:6.0]
	at org.apache.catalina.core.ApplicationFilterChain.internalDoFilter(ApplicationFilterChain.java:195) ~[tomcat-embed-core-10.1.43.jar:10.1.43]
	at org.apache.catalina.core.ApplicationFilterChain.doFilter(ApplicationFilterChain.java:140) ~[tomcat-embed-core-10.1.43.jar:10.1.43]
	at org.springframework.web.filter.RequestContextFilter.doFilterInternal(RequestContextFilter.java:100) ~[spring-web-6.2.9.jar:6.2.9]
	at org.springframework.web.filter.OncePerRequestFilter.doFilter(OncePerRequestFilter.java:116) ~[spring-web-6.2.9.jar:6.2.9]
	at org.apache.catalina.core.ApplicationFilterChain.internalDoFilter(ApplicationFilterChain.java:164) ~[tomcat-embed-core-10.1.43.jar:10.1.43]
	at org.apache.catalina.core.ApplicationFilterChain.doFilter(ApplicationFilterChain.java:140) ~[tomcat-embed-core-10.1.43.jar:10.1.43]
	at org.springframework.web.filter.OncePerRequestFilter.doFilter(OncePerRequestFilter.java:101) ~[spring-web-6.2.9.jar:6.2.9]
	at org.apache.catalina.core.ApplicationFilterChain.internalDoFilter(ApplicationFilterChain.java:164) ~[tomcat-embed-core-10.1.43.jar:10.1.43]
	at org.apache.catalina.core.ApplicationFilterChain.doFilter(ApplicationFilterChain.java:140) ~[tomcat-embed-core-10.1.43.jar:10.1.43]
	at org.springframework.session.web.http.SessionRepositoryFilter.doFilterInternal(SessionRepositoryFilter.java:142) ~[spring-session-core-3.5.1.jar:3.5.1]
	at org.springframework.session.web.http.OncePerRequestFilter.doFilter(OncePerRequestFilter.java:82) ~[spring-session-core-3.5.1.jar:3.5.1]
	at org.springframework.web.filter.DelegatingFilterProxy.invokeDelegate(DelegatingFilterProxy.java:362) ~[spring-web-6.2.9.jar:6.2.9]
	at org.springframework.web.filter.DelegatingFilterProxy.doFilter(DelegatingFilterProxy.java:278) ~[spring-web-6.2.9.jar:6.2.9]
	at org.apache.catalina.core.ApplicationFilterChain.internalDoFilter(ApplicationFilterChain.java:164) ~[tomcat-embed-core-10.1.43.jar:10.1.43]
	at org.apache.catalina.core.ApplicationFilterChain.doFilter(ApplicationFilterChain.java:140) ~[tomcat-embed-core-10.1.43.jar:10.1.43]
	at org.springframework.web.filter.OncePerRequestFilter.doFilter(OncePerRequestFilter.java:101) ~[spring-web-6.2.9.jar:6.2.9]
	at org.apache.catalina.core.ApplicationFilterChain.internalDoFilter(ApplicationFilterChain.java:164) ~[tomcat-embed-core-10.1.43.jar:10.1.43]
	at org.apache.catalina.core.ApplicationFilterChain.doFilter(ApplicationFilterChain.java:140) ~[tomcat-embed-core-10.1.43.jar:10.1.43]
	at org.apache.catalina.core.ApplicationDispatcher.invoke(ApplicationDispatcher.java:612) ~[tomcat-embed-core-10.1.43.jar:10.1.43]
	at org.apache.catalina.core.ApplicationDispatcher.processRequest(ApplicationDispatcher.java:396) ~[tomcat-embed-core-10.1.43.jar:10.1.43]
	at org.apache.catalina.core.ApplicationDispatcher.doForward(ApplicationDispatcher.java:323) ~[tomcat-embed-core-10.1.43.jar:10.1.43]
	at org.apache.catalina.core.ApplicationDispatcher.forward(ApplicationDispatcher.java:268) ~[tomcat-embed-core-10.1.43.jar:10.1.43]
	at org.apache.catalina.core.StandardHostValve.custom(StandardHostValve.java:377) ~[tomcat-embed-core-10.1.43.jar:10.1.43]
	at org.apache.catalina.core.StandardHostValve.status(StandardHostValve.java:209) ~[tomcat-embed-core-10.1.43.jar:10.1.43]
	at org.apache.catalina.core.StandardHostValve.throwable(StandardHostValve.java:286) ~[tomcat-embed-core-10.1.43.jar:10.1.43]
	at org.apache.catalina.core.StandardHostValve.invoke(StandardHostValve.java:150) ~[tomcat-embed-core-10.1.43.jar:10.1.43]
	at org.apache.catalina.valves.ErrorReportValve.invoke(ErrorReportValve.java:93) ~[tomcat-embed-core-10.1.43.jar:10.1.43]
	at org.apache.catalina.core.StandardEngineValve.invoke(StandardEngineValve.java:74) ~[tomcat-embed-core-10.1.43.jar:10.1.43]
	at org.apache.catalina.connector.CoyoteAdapter.service(CoyoteAdapter.java:344) ~[tomcat-embed-core-10.1.43.jar:10.1.43]
	at org.apache.coyote.http11.Http11Processor.service(Http11Processor.java:398) ~[tomcat-embed-core-10.1.43.jar:10.1.43]
	at org.apache.coyote.AbstractProcessorLight.process(AbstractProcessorLight.java:63) ~[tomcat-embed-core-10.1.43.jar:10.1.43]
	at org.apache.coyote.AbstractProtocol$ConnectionHandler.process(AbstractProtocol.java:903) ~[tomcat-embed-core-10.1.43.jar:10.1.43]
	at org.apache.tomcat.util.net.NioEndpoint$SocketProcessor.doRun(NioEndpoint.java:1769) ~[tomcat-embed-core-10.1.43.jar:10.1.43]
	at org.apache.tomcat.util.net.SocketProcessorBase.run(SocketProcessorBase.java:52) ~[tomcat-embed-core-10.1.43.jar:10.1.43]
	at org.apache.tomcat.util.threads.ThreadPoolExecutor.runWorker(ThreadPoolExecutor.java:1189) ~[tomcat-embed-core-10.1.43.jar:10.1.43]
	at org.apache.tomcat.util.threads.ThreadPoolExecutor$Worker.run(ThreadPoolExecutor.java:658) ~[tomcat-embed-core-10.1.43.jar:10.1.43]
	at org.apache.tomcat.util.threads.TaskThread$WrappingRunnable.run(TaskThread.java:63) ~[tomcat-embed-core-10.1.43.jar:10.1.43]
	at java.base/java.lang.Thread.run(Thread.java:1583) ~[na:na]
Caused by: redis.clients.jedis.exceptions.JedisConnectionException: Failed to connect to localhost:6379.
	at redis.clients.jedis.DefaultJedisSocketFactory.connectToFirstSuccessfulHost(DefaultJedisSocketFactory.java:68) ~[jedis-6.0.0.jar:na]
	at redis.clients.jedis.DefaultJedisSocketFactory.createSocket(DefaultJedisSocketFactory.java:94) ~[jedis-6.0.0.jar:na]
	at redis.clients.jedis.Connection.connect(Connection.java:232) ~[jedis-6.0.0.jar:na]
	at redis.clients.jedis.Connection.initializeFromClientConfig(Connection.java:455) ~[jedis-6.0.0.jar:na]
	at redis.clients.jedis.Connection.<init>(Connection.java:77) ~[jedis-6.0.0.jar:na]
	at redis.clients.jedis.Jedis.<init>(Jedis.java:233) ~[jedis-6.0.0.jar:na]
	at redis.clients.jedis.JedisFactory.makeObject(JedisFactory.java:170) ~[jedis-6.0.0.jar:na]
	at org.apache.commons.pool2.impl.GenericObjectPool.create(GenericObjectPool.java:557) ~[commons-pool2-2.12.1.jar:2.12.1]
	at org.apache.commons.pool2.impl.GenericObjectPool.borrowObject(GenericObjectPool.java:299) ~[commons-pool2-2.12.1.jar:2.12.1]
	at org.apache.commons.pool2.impl.GenericObjectPool.borrowObject(GenericObjectPool.java:231) ~[commons-pool2-2.12.1.jar:2.12.1]
	at redis.clients.jedis.util.Pool.getResource(Pool.java:38) ~[jedis-6.0.0.jar:na]
	at redis.clients.jedis.JedisPool.getResource(JedisPool.java:378) ~[jedis-6.0.0.jar:na]
	at redis.clients.jedis.JedisPool.getResource(JedisPool.java:17) ~[jedis-6.0.0.jar:na]
	at org.springframework.data.redis.connection.jedis.JedisConnectionFactory.fetchJedisConnector(JedisConnectionFactory.java:930) ~[spring-data-redis-3.5.2.jar:3.5.2]
	... 58 common frames omitted
	Suppressed: java.net.ConnectException: Connection refused: getsockopt
		at java.base/sun.nio.ch.Net.pollConnect(Native Method) ~[na:na]
		at java.base/sun.nio.ch.Net.pollConnectNow(Net.java:682) ~[na:na]
		at java.base/sun.nio.ch.NioSocketImpl.timedFinishConnect(NioSocketImpl.java:542) ~[na:na]
		at java.base/sun.nio.ch.NioSocketImpl.connect(NioSocketImpl.java:592) ~[na:na]
		at java.base/java.net.SocksSocketImpl.connect(SocksSocketImpl.java:327) ~[na:na]
		at java.base/java.net.Socket.connect(Socket.java:751) ~[na:na]
		at redis.clients.jedis.DefaultJedisSocketFactory.connectToFirstSuccessfulHost(DefaultJedisSocketFactory.java:80) ~[jedis-6.0.0.jar:na]
		... 71 common frames omitted
	Suppressed: java.net.ConnectException: Connection refused: getsockopt
		at java.base/sun.nio.ch.Net.pollConnect(Native Method) ~[na:na]
		at java.base/sun.nio.ch.Net.pollConnectNow(Net.java:682) ~[na:na]
		at java.base/sun.nio.ch.NioSocketImpl.timedFinishConnect(NioSocketImpl.java:542) ~[na:na]
		at java.base/sun.nio.ch.NioSocketImpl.connect(NioSocketImpl.java:592) ~[na:na]
		at java.base/java.net.SocksSocketImpl.connect(SocksSocketImpl.java:327) ~[na:na]
		at java.base/java.net.Socket.connect(Socket.java:751) ~[na:na]
		at redis.clients.jedis.DefaultJedisSocketFactory.connectToFirstSuccessfulHost(DefaultJedisSocketFactory.java:80) ~[jedis-6.0.0.jar:na]
		... 71 common frames omitted

2026-04-28T22:21:38.768+08:00  WARN 6292 --- [yu-ai-code-mother-backend] [nio-8123-exec-9] com.zaxxer.hikari.pool.PoolBase          : HikariPool-1 - Failed to validate connection com.mysql.cj.jdbc.ConnectionImpl@7b1a344c (No operations allowed after connection closed.). Possibly consider using a shorter maxLifetime value.
2026-04-28T22:21:38.775+08:00  WARN 6292 --- [yu-ai-code-mother-backend] [nio-8123-exec-9] com.zaxxer.hikari.pool.PoolBase          : HikariPool-1 - Failed to validate connection com.mysql.cj.jdbc.ConnectionImpl@367a0879 (No operations allowed after connection closed.). Possibly consider using a shorter maxLifetime value.
2026-04-28T22:21:38.780+08:00  WARN 6292 --- [yu-ai-code-mother-backend] [nio-8123-exec-9] com.zaxxer.hikari.pool.PoolBase          : HikariPool-1 - Failed to validate connection com.mysql.cj.jdbc.ConnectionImpl@59d3fb36 (No operations allowed after connection closed.). Possibly consider using a shorter maxLifetime value.
2026-04-28T22:21:38.783+08:00  WARN 6292 --- [yu-ai-code-mother-backend] [nio-8123-exec-9] com.zaxxer.hikari.pool.PoolBase          : HikariPool-1 - Failed to validate connection com.mysql.cj.jdbc.ConnectionImpl@64005915 (No operations allowed after connection closed.). Possibly consider using a shorter maxLifetime value.
2026-04-28T22:21:38.788+08:00  WARN 6292 --- [yu-ai-code-mother-backend] [nio-8123-exec-9] com.zaxxer.hikari.pool.PoolBase          : HikariPool-1 - Failed to validate connection com.mysql.cj.jdbc.ConnectionImpl@22a1bbb1 (No operations allowed after connection closed.). Possibly consider using a shorter maxLifetime value.
2026-04-28T22:21:38.792+08:00  WARN 6292 --- [yu-ai-code-mother-backend] [nio-8123-exec-9] com.zaxxer.hikari.pool.PoolBase          : HikariPool-1 - Failed to validate connection com.mysql.cj.jdbc.ConnectionImpl@3ba85dde (No operations allowed after connection closed.). Possibly consider using a shorter maxLifetime value.
2026-04-28T22:21:38.795+08:00  WARN 6292 --- [yu-ai-code-mother-backend] [nio-8123-exec-9] com.zaxxer.hikari.pool.PoolBase          : HikariPool-1 - Failed to validate connection com.mysql.cj.jdbc.ConnectionImpl@1f2fb209 (No operations allowed after connection closed.). Possibly consider using a shorter maxLifetime value.
2026-04-28T22:21:38.799+08:00  WARN 6292 --- [yu-ai-code-mother-backend] [nio-8123-exec-9] com.zaxxer.hikari.pool.PoolBase          : HikariPool-1 - Failed to validate connection com.mysql.cj.jdbc.ConnectionImpl@804919d (No operations allowed after connection closed.). Possibly consider using a shorter maxLifetime value.
2026-04-28T22:21:38.803+08:00  WARN 6292 --- [yu-ai-code-mother-backend] [nio-8123-exec-9] com.zaxxer.hikari.pool.PoolBase          : HikariPool-1 - Failed to validate connection com.mysql.cj.jdbc.ConnectionImpl@3d2e354f (No operations allowed after connection closed.). Possibly consider using a shorter maxLifetime value.
2026-04-28T22:21:38.809+08:00  WARN 6292 --- [yu-ai-code-mother-backend] [nio-8123-exec-9] com.zaxxer.hikari.pool.PoolBase          : HikariPool-1 - Failed to validate connection com.mysql.cj.jdbc.ConnectionImpl@3bbd7018 (No operations allowed after connection closed.). Possibly consider using a shorter maxLifetime value.
2026-04-28T22:45:25.835+08:00  INFO 6292 --- [yu-ai-code-mother-backend] [io-8123-exec-10] d.l.http.client.log.LoggingHttpClient    : HTTP request:
- method: POST
- url: https://dashscope.aliyuncs.com/compatible-mode/v1/chat/completions
- headers: [Authorization: Beare...y>], [User-Agent: langchain4j-openai], [Content-Type: application/json]
- body: {
  "model" : "qwen-turbo",
  "messages" : [ {
    "role" : "system",
    "content" : "你是一个专业的代码生成方案路由器，需要根据用户需求返回最合适的代码生成类型。\r\n\r\n可选的代码生成类型：\r\n1. HTML - 适合简单的静态页面，单个 HTML 文件，包含内联 CSS 和 JS\r\n2. MULTI_FILE - 适合简单的多文件静态页面，分离 HTML、CSS、JS 代码\r\n3. VUE_PROJECT - 适合复杂的现代化前端项目\r\n\r\n判断规则：\r\n- 如果用户需求简单，只需要一个展示页面，选择 HTML\r\n- 如果用户需要多个页面但不涉及复杂交互，选择 MULTI_FILE\r\n- 如果用户需求复杂，涉及多页面、复杂交互、数据管理等，选择 VUE_PROJECT"
  }, {
    "role" : "user",
    "content" : "n\nYou must answer strictly with one of these enums:\nHTML\nMULTI_FILE\nVUE_PROJECT"
  } ],
  "stream" : false,
  "max_tokens" : 100
}

2026-04-28T22:45:27.819+08:00 ERROR 6292 --- [yu-ai-code-mother-backend] [io-8123-exec-10] c.y.y.exception.GlobalExceptionHandler   : RuntimeException

dev.langchain4j.exception.AuthenticationException: 401 Unauthorized: "{"error":{"message":"Incorrect API key provided. For details, see: https://help.aliyun.com/zh/model-studio/error-code#apikey-error","type":"invalid_request_error","param":null,"code":"invalid_api_key"},"request_id":"767e81af-d015-989a-a493-4262f253e976"}"
	at dev.langchain4j.internal.ExceptionMapper$DefaultExceptionMapper.mapHttpStatusCode(ExceptionMapper.java:59) ~[langchain4j-core-1.1.0.jar:na]
	at dev.langchain4j.internal.ExceptionMapper$DefaultExceptionMapper.mapException(ExceptionMapper.java:44) ~[langchain4j-core-1.1.0.jar:na]
	at dev.langchain4j.internal.ExceptionMapper.withExceptionMapper(ExceptionMapper.java:31) ~[langchain4j-core-1.1.0.jar:na]
	at dev.langchain4j.internal.RetryUtils.lambda$withRetryMappingExceptions$2(RetryUtils.java:324) ~[langchain4j-core-1.1.0.jar:na]
	at dev.langchain4j.internal.RetryUtils$RetryPolicy.withRetry(RetryUtils.java:211) ~[langchain4j-core-1.1.0.jar:na]
	at dev.langchain4j.internal.RetryUtils.withRetry(RetryUtils.java:264) ~[langchain4j-core-1.1.0.jar:na]
	at dev.langchain4j.internal.RetryUtils.withRetryMappingExceptions(RetryUtils.java:324) ~[langchain4j-core-1.1.0.jar:na]
	at dev.langchain4j.internal.RetryUtils.withRetryMappingExceptions(RetryUtils.java:308) ~[langchain4j-core-1.1.0.jar:na]
	at dev.langchain4j.model.openai.OpenAiChatModel.doChat(OpenAiChatModel.java:140) ~[langchain4j-open-ai-1.1.0.jar:na]
	at dev.langchain4j.model.chat.ChatModel.chat(ChatModel.java:46) ~[langchain4j-core-1.1.0.jar:na]
	at dev.langchain4j.guardrail.SynchronousChatExecutor.execute(SynchronousChatExecutor.java:32) ~[langchain4j-core-1.1.0.jar:na]
	at dev.langchain4j.guardrail.AbstractChatExecutor.execute(AbstractChatExecutor.java:45) ~[langchain4j-core-1.1.0.jar:na]
	at dev.langchain4j.service.DefaultAiServices$1.invoke(DefaultAiServices.java:256) ~[langchain4j-1.1.0.jar:na]
	at jdk.proxy2/jdk.proxy2.$Proxy136.routeCodeGenType(Unknown Source) ~[na:na]
	at com.yupi.yuaicodemother.service.impl.AppServiceImpl.createApp(AppServiceImpl.java:132) ~[classes/:na]
	at com.yupi.yuaicodemother.controller.AppController.addApp(AppController.java:158) ~[classes/:na]
	at java.base/jdk.internal.reflect.DirectMethodHandleAccessor.invoke(DirectMethodHandleAccessor.java:103) ~[na:na]
	at java.base/java.lang.reflect.Method.invoke(Method.java:580) ~[na:na]
	at org.springframework.aop.support.AopUtils.invokeJoinpointUsingReflection(AopUtils.java:360) ~[spring-aop-6.2.9.jar:6.2.9]
	at org.springframework.aop.framework.ReflectiveMethodInvocation.invokeJoinpoint(ReflectiveMethodInvocation.java:196) ~[spring-aop-6.2.9.jar:6.2.9]
	at org.springframework.aop.framework.ReflectiveMethodInvocation.proceed(ReflectiveMethodInvocation.java:163) ~[spring-aop-6.2.9.jar:6.2.9]
	at org.springframework.aop.interceptor.ExposeInvocationInterceptor.invoke(ExposeInvocationInterceptor.java:97) ~[spring-aop-6.2.9.jar:6.2.9]
	at org.springframework.aop.framework.ReflectiveMethodInvocation.proceed(ReflectiveMethodInvocation.java:184) ~[spring-aop-6.2.9.jar:6.2.9]
	at org.springframework.aop.framework.CglibAopProxy$DynamicAdvisedInterceptor.intercept(CglibAopProxy.java:728) ~[spring-aop-6.2.9.jar:6.2.9]
	at com.yupi.yuaicodemother.controller.AppController$$SpringCGLIB$$0.addApp(<generated>) ~[classes/:na]
	at java.base/jdk.internal.reflect.DirectMethodHandleAccessor.invoke(DirectMethodHandleAccessor.java:103) ~[na:na]
	at java.base/java.lang.reflect.Method.invoke(Method.java:580) ~[na:na]
	at org.springframework.web.method.support.InvocableHandlerMethod.doInvoke(InvocableHandlerMethod.java:258) ~[spring-web-6.2.9.jar:6.2.9]
	at org.springframework.web.method.support.InvocableHandlerMethod.invokeForRequest(InvocableHandlerMethod.java:191) ~[spring-web-6.2.9.jar:6.2.9]
	at org.springframework.web.servlet.mvc.method.annotation.ServletInvocableHandlerMethod.invokeAndHandle(ServletInvocableHandlerMethod.java:118) ~[spring-webmvc-6.2.9.jar:6.2.9]
	at org.springframework.web.servlet.mvc.method.annotation.RequestMappingHandlerAdapter.invokeHandlerMethod(RequestMappingHandlerAdapter.java:991) ~[spring-webmvc-6.2.9.jar:6.2.9]
	at org.springframework.web.servlet.mvc.method.annotation.RequestMappingHandlerAdapter.handleInternal(RequestMappingHandlerAdapter.java:896) ~[spring-webmvc-6.2.9.jar:6.2.9]
	at org.springframework.web.servlet.mvc.method.AbstractHandlerMethodAdapter.handle(AbstractHandlerMethodAdapter.java:87) ~[spring-webmvc-6.2.9.jar:6.2.9]
	at org.springframework.web.servlet.DispatcherServlet.doDispatch(DispatcherServlet.java:1089) ~[spring-webmvc-6.2.9.jar:6.2.9]
	at org.springframework.web.servlet.DispatcherServlet.doService(DispatcherServlet.java:979) ~[spring-webmvc-6.2.9.jar:6.2.9]
	at org.springframework.web.servlet.FrameworkServlet.processRequest(FrameworkServlet.java:1014) ~[spring-webmvc-6.2.9.jar:6.2.9]
	at org.springframework.web.servlet.FrameworkServlet.doPost(FrameworkServlet.java:914) ~[spring-webmvc-6.2.9.jar:6.2.9]
	at jakarta.servlet.http.HttpServlet.service(HttpServlet.java:590) ~[tomcat-embed-core-10.1.43.jar:6.0]
	at org.springframework.web.servlet.FrameworkServlet.service(FrameworkServlet.java:885) ~[spring-webmvc-6.2.9.jar:6.2.9]
	at jakarta.servlet.http.HttpServlet.service(HttpServlet.java:658) ~[tomcat-embed-core-10.1.43.jar:6.0]
	at org.apache.catalina.core.ApplicationFilterChain.internalDoFilter(ApplicationFilterChain.java:195) ~[tomcat-embed-core-10.1.43.jar:10.1.43]
	at org.apache.catalina.core.ApplicationFilterChain.doFilter(ApplicationFilterChain.java:140) ~[tomcat-embed-core-10.1.43.jar:10.1.43]
	at org.apache.tomcat.websocket.server.WsFilter.doFilter(WsFilter.java:51) ~[tomcat-embed-websocket-10.1.43.jar:10.1.43]
	at org.apache.catalina.core.ApplicationFilterChain.internalDoFilter(ApplicationFilterChain.java:164) ~[tomcat-embed-core-10.1.43.jar:10.1.43]
	at org.apache.catalina.core.ApplicationFilterChain.doFilter(ApplicationFilterChain.java:140) ~[tomcat-embed-core-10.1.43.jar:10.1.43]
	at org.springframework.web.filter.RequestContextFilter.doFilterInternal(RequestContextFilter.java:100) ~[spring-web-6.2.9.jar:6.2.9]
	at org.springframework.web.filter.OncePerRequestFilter.doFilter(OncePerRequestFilter.java:116) ~[spring-web-6.2.9.jar:6.2.9]
	at org.apache.catalina.core.ApplicationFilterChain.internalDoFilter(ApplicationFilterChain.java:164) ~[tomcat-embed-core-10.1.43.jar:10.1.43]
	at org.apache.catalina.core.ApplicationFilterChain.doFilter(ApplicationFilterChain.java:140) ~[tomcat-embed-core-10.1.43.jar:10.1.43]
	at org.springframework.web.filter.FormContentFilter.doFilterInternal(FormContentFilter.java:93) ~[spring-web-6.2.9.jar:6.2.9]
	at org.springframework.web.filter.OncePerRequestFilter.doFilter(OncePerRequestFilter.java:116) ~[spring-web-6.2.9.jar:6.2.9]
	at org.apache.catalina.core.ApplicationFilterChain.internalDoFilter(ApplicationFilterChain.java:164) ~[tomcat-embed-core-10.1.43.jar:10.1.43]
	at org.apache.catalina.core.ApplicationFilterChain.doFilter(ApplicationFilterChain.java:140) ~[tomcat-embed-core-10.1.43.jar:10.1.43]
	at org.springframework.session.web.http.SessionRepositoryFilter.doFilterInternal(SessionRepositoryFilter.java:142) ~[spring-session-core-3.5.1.jar:3.5.1]
	at org.springframework.session.web.http.OncePerRequestFilter.doFilter(OncePerRequestFilter.java:82) ~[spring-session-core-3.5.1.jar:3.5.1]
	at org.springframework.web.filter.DelegatingFilterProxy.invokeDelegate(DelegatingFilterProxy.java:362) ~[spring-web-6.2.9.jar:6.2.9]
	at org.springframework.web.filter.DelegatingFilterProxy.doFilter(DelegatingFilterProxy.java:278) ~[spring-web-6.2.9.jar:6.2.9]
	at org.apache.catalina.core.ApplicationFilterChain.internalDoFilter(ApplicationFilterChain.java:164) ~[tomcat-embed-core-10.1.43.jar:10.1.43]
	at org.apache.catalina.core.ApplicationFilterChain.doFilter(ApplicationFilterChain.java:140) ~[tomcat-embed-core-10.1.43.jar:10.1.43]
	at org.springframework.web.filter.ServerHttpObservationFilter.doFilterInternal(ServerHttpObservationFilter.java:110) ~[spring-web-6.2.9.jar:6.2.9]
	at org.springframework.web.filter.OncePerRequestFilter.doFilter(OncePerRequestFilter.java:116) ~[spring-web-6.2.9.jar:6.2.9]
	at org.apache.catalina.core.ApplicationFilterChain.internalDoFilter(ApplicationFilterChain.java:164) ~[tomcat-embed-core-10.1.43.jar:10.1.43]
	at org.apache.catalina.core.ApplicationFilterChain.doFilter(ApplicationFilterChain.java:140) ~[tomcat-embed-core-10.1.43.jar:10.1.43]
	at org.springframework.web.filter.CharacterEncodingFilter.doFilterInternal(CharacterEncodingFilter.java:201) ~[spring-web-6.2.9.jar:6.2.9]
	at org.springframework.web.filter.OncePerRequestFilter.doFilter(OncePerRequestFilter.java:116) ~[spring-web-6.2.9.jar:6.2.9]
	at org.apache.catalina.core.ApplicationFilterChain.internalDoFilter(ApplicationFilterChain.java:164) ~[tomcat-embed-core-10.1.43.jar:10.1.43]
	at org.apache.catalina.core.ApplicationFilterChain.doFilter(ApplicationFilterChain.java:140) ~[tomcat-embed-core-10.1.43.jar:10.1.43]
	at org.apache.catalina.core.StandardWrapperValve.invoke(StandardWrapperValve.java:167) ~[tomcat-embed-core-10.1.43.jar:10.1.43]
	at org.apache.catalina.core.StandardContextValve.invoke(StandardContextValve.java:90) ~[tomcat-embed-core-10.1.43.jar:10.1.43]
	at org.apache.catalina.authenticator.AuthenticatorBase.invoke(AuthenticatorBase.java:483) ~[tomcat-embed-core-10.1.43.jar:10.1.43]
	at org.apache.catalina.core.StandardHostValve.invoke(StandardHostValve.java:116) ~[tomcat-embed-core-10.1.43.jar:10.1.43]
	at org.apache.catalina.valves.ErrorReportValve.invoke(ErrorReportValve.java:93) ~[tomcat-embed-core-10.1.43.jar:10.1.43]
	at org.apache.catalina.core.StandardEngineValve.invoke(StandardEngineValve.java:74) ~[tomcat-embed-core-10.1.43.jar:10.1.43]
	at org.apache.catalina.connector.CoyoteAdapter.service(CoyoteAdapter.java:344) ~[tomcat-embed-core-10.1.43.jar:10.1.43]
	at org.apache.coyote.http11.Http11Processor.service(Http11Processor.java:398) ~[tomcat-embed-core-10.1.43.jar:10.1.43]
	at org.apache.coyote.AbstractProcessorLight.process(AbstractProcessorLight.java:63) ~[tomcat-embed-core-10.1.43.jar:10.1.43]
	at org.apache.coyote.AbstractProtocol$ConnectionHandler.process(AbstractProtocol.java:903) ~[tomcat-embed-core-10.1.43.jar:10.1.43]
	at org.apache.tomcat.util.net.NioEndpoint$SocketProcessor.doRun(NioEndpoint.java:1769) ~[tomcat-embed-core-10.1.43.jar:10.1.43]
	at org.apache.tomcat.util.net.SocketProcessorBase.run(SocketProcessorBase.java:52) ~[tomcat-embed-core-10.1.43.jar:10.1.43]
	at org.apache.tomcat.util.threads.ThreadPoolExecutor.runWorker(ThreadPoolExecutor.java:1189) ~[tomcat-embed-core-10.1.43.jar:10.1.43]
	at org.apache.tomcat.util.threads.ThreadPoolExecutor$Worker.run(ThreadPoolExecutor.java:658) ~[tomcat-embed-core-10.1.43.jar:10.1.43]
	at org.apache.tomcat.util.threads.TaskThread$WrappingRunnable.run(TaskThread.java:63) ~[tomcat-embed-core-10.1.43.jar:10.1.43]
	at java.base/java.lang.Thread.run(Thread.java:1583) ~[na:na]
Caused by: dev.langchain4j.exception.HttpException: 401 Unauthorized: "{"error":{"message":"Incorrect API key provided. For details, see: https://help.aliyun.com/zh/model-studio/error-code#apikey-error","type":"invalid_request_error","param":null,"code":"invalid_api_key"},"request_id":"767e81af-d015-989a-a493-4262f253e976"}"
	at dev.langchain4j.http.client.spring.restclient.SpringRestClient.execute(SpringRestClient.java:79) ~[langchain4j-http-client-spring-restclient-1.1.0-beta7.jar:na]
	at dev.langchain4j.http.client.log.LoggingHttpClient.execute(LoggingHttpClient.java:39) ~[langchain4j-http-client-1.1.0.jar:na]
	at dev.langchain4j.model.openai.internal.SyncRequestExecutor.execute(SyncRequestExecutor.java:20) ~[langchain4j-open-ai-1.1.0.jar:na]
	at dev.langchain4j.model.openai.internal.RequestExecutor.execute(RequestExecutor.java:39) ~[langchain4j-open-ai-1.1.0.jar:na]
	at dev.langchain4j.model.openai.OpenAiChatModel.lambda$doChat$0(OpenAiChatModel.java:141) ~[langchain4j-open-ai-1.1.0.jar:na]
	at dev.langchain4j.internal.ExceptionMapper.withExceptionMapper(ExceptionMapper.java:29) ~[langchain4j-core-1.1.0.jar:na]
	... 80 common frames omitted

2026-04-28T22:45:47.262+08:00  INFO 6292 --- [yu-ai-code-mother-backend] [nio-8123-exec-1] d.l.http.client.log.LoggingHttpClient    : HTTP request:
- method: POST
- url: https://dashscope.aliyuncs.com/compatible-mode/v1/chat/completions
- headers: [Authorization: Beare...y>], [User-Agent: langchain4j-openai], [Content-Type: application/json]
- body: {
  "model" : "qwen-turbo",
  "messages" : [ {
    "role" : "system",
    "content" : "你是一个专业的代码生成方案路由器，需要根据用户需求返回最合适的代码生成类型。\r\n\r\n可选的代码生成类型：\r\n1. HTML - 适合简单的静态页面，单个 HTML 文件，包含内联 CSS 和 JS\r\n2. MULTI_FILE - 适合简单的多文件静态页面，分离 HTML、CSS、JS 代码\r\n3. VUE_PROJECT - 适合复杂的现代化前端项目\r\n\r\n判断规则：\r\n- 如果用户需求简单，只需要一个展示页面，选择 HTML\r\n- 如果用户需要多个页面但不涉及复杂交互，选择 MULTI_FILE\r\n- 如果用户需求复杂，涉及多页面、复杂交互、数据管理等，选择 VUE_PROJECT"
  }, {
    "role" : "user",
    "content" : "创建一个现代化的个人博客网站，包含文章列表、详情页、分类标签、搜索功能、评论系统和个人简介页面。采用简洁的设计风格，支持响应式布局，文章支持Markdown格式，首页展示最新文章和热门推荐。\nYou must answer strictly with one of these enums:\nHTML\nMULTI_FILE\nVUE_PROJECT"
  } ],
  "stream" : false,
  "max_tokens" : 100
}

2026-04-28T22:45:47.490+08:00 ERROR 6292 --- [yu-ai-code-mother-backend] [nio-8123-exec-1] c.y.y.exception.GlobalExceptionHandler   : RuntimeException

dev.langchain4j.exception.AuthenticationException: 401 Unauthorized: "{"error":{"message":"Incorrect API key provided. For details, see: https://help.aliyun.com/zh/model-studio/error-code#apikey-error","type":"invalid_request_error","param":null,"code":"invalid_api_key"},"request_id":"b772e95d-f240-9dfb-b272-63908f5f9a67"}"
	at dev.langchain4j.internal.ExceptionMapper$DefaultExceptionMapper.mapHttpStatusCode(ExceptionMapper.java:59) ~[langchain4j-core-1.1.0.jar:na]
	at dev.langchain4j.internal.ExceptionMapper$DefaultExceptionMapper.mapException(ExceptionMapper.java:44) ~[langchain4j-core-1.1.0.jar:na]
	at dev.langchain4j.internal.ExceptionMapper.withExceptionMapper(ExceptionMapper.java:31) ~[langchain4j-core-1.1.0.jar:na]
	at dev.langchain4j.internal.RetryUtils.lambda$withRetryMappingExceptions$2(RetryUtils.java:324) ~[langchain4j-core-1.1.0.jar:na]
	at dev.langchain4j.internal.RetryUtils$RetryPolicy.withRetry(RetryUtils.java:211) ~[langchain4j-core-1.1.0.jar:na]
	at dev.langchain4j.internal.RetryUtils.withRetry(RetryUtils.java:264) ~[langchain4j-core-1.1.0.jar:na]
	at dev.langchain4j.internal.RetryUtils.withRetryMappingExceptions(RetryUtils.java:324) ~[langchain4j-core-1.1.0.jar:na]
	at dev.langchain4j.internal.RetryUtils.withRetryMappingExceptions(RetryUtils.java:308) ~[langchain4j-core-1.1.0.jar:na]
	at dev.langchain4j.model.openai.OpenAiChatModel.doChat(OpenAiChatModel.java:140) ~[langchain4j-open-ai-1.1.0.jar:na]
	at dev.langchain4j.model.chat.ChatModel.chat(ChatModel.java:46) ~[langchain4j-core-1.1.0.jar:na]
	at dev.langchain4j.guardrail.SynchronousChatExecutor.execute(SynchronousChatExecutor.java:32) ~[langchain4j-core-1.1.0.jar:na]
	at dev.langchain4j.guardrail.AbstractChatExecutor.execute(AbstractChatExecutor.java:45) ~[langchain4j-core-1.1.0.jar:na]
	at dev.langchain4j.service.DefaultAiServices$1.invoke(DefaultAiServices.java:256) ~[langchain4j-1.1.0.jar:na]
	at jdk.proxy2/jdk.proxy2.$Proxy136.routeCodeGenType(Unknown Source) ~[na:na]
	at com.yupi.yuaicodemother.service.impl.AppServiceImpl.createApp(AppServiceImpl.java:132) ~[classes/:na]
	at com.yupi.yuaicodemother.controller.AppController.addApp(AppController.java:158) ~[classes/:na]
	at java.base/jdk.internal.reflect.DirectMethodHandleAccessor.invoke(DirectMethodHandleAccessor.java:103) ~[na:na]
	at java.base/java.lang.reflect.Method.invoke(Method.java:580) ~[na:na]
	at org.springframework.aop.support.AopUtils.invokeJoinpointUsingReflection(AopUtils.java:360) ~[spring-aop-6.2.9.jar:6.2.9]
	at org.springframework.aop.framework.ReflectiveMethodInvocation.invokeJoinpoint(ReflectiveMethodInvocation.java:196) ~[spring-aop-6.2.9.jar:6.2.9]
	at org.springframework.aop.framework.ReflectiveMethodInvocation.proceed(ReflectiveMethodInvocation.java:163) ~[spring-aop-6.2.9.jar:6.2.9]
	at org.springframework.aop.interceptor.ExposeInvocationInterceptor.invoke(ExposeInvocationInterceptor.java:97) ~[spring-aop-6.2.9.jar:6.2.9]
	at org.springframework.aop.framework.ReflectiveMethodInvocation.proceed(ReflectiveMethodInvocation.java:184) ~[spring-aop-6.2.9.jar:6.2.9]
	at org.springframework.aop.framework.CglibAopProxy$DynamicAdvisedInterceptor.intercept(CglibAopProxy.java:728) ~[spring-aop-6.2.9.jar:6.2.9]
	at com.yupi.yuaicodemother.controller.AppController$$SpringCGLIB$$0.addApp(<generated>) ~[classes/:na]
	at java.base/jdk.internal.reflect.DirectMethodHandleAccessor.invoke(DirectMethodHandleAccessor.java:103) ~[na:na]
	at java.base/java.lang.reflect.Method.invoke(Method.java:580) ~[na:na]
	at org.springframework.web.method.support.InvocableHandlerMethod.doInvoke(InvocableHandlerMethod.java:258) ~[spring-web-6.2.9.jar:6.2.9]
	at org.springframework.web.method.support.InvocableHandlerMethod.invokeForRequest(InvocableHandlerMethod.java:191) ~[spring-web-6.2.9.jar:6.2.9]
	at org.springframework.web.servlet.mvc.method.annotation.ServletInvocableHandlerMethod.invokeAndHandle(ServletInvocableHandlerMethod.java:118) ~[spring-webmvc-6.2.9.jar:6.2.9]
	at org.springframework.web.servlet.mvc.method.annotation.RequestMappingHandlerAdapter.invokeHandlerMethod(RequestMappingHandlerAdapter.java:991) ~[spring-webmvc-6.2.9.jar:6.2.9]
	at org.springframework.web.servlet.mvc.method.annotation.RequestMappingHandlerAdapter.handleInternal(RequestMappingHandlerAdapter.java:896) ~[spring-webmvc-6.2.9.jar:6.2.9]
	at org.springframework.web.servlet.mvc.method.AbstractHandlerMethodAdapter.handle(AbstractHandlerMethodAdapter.java:87) ~[spring-webmvc-6.2.9.jar:6.2.9]
	at org.springframework.web.servlet.DispatcherServlet.doDispatch(DispatcherServlet.java:1089) ~[spring-webmvc-6.2.9.jar:6.2.9]
	at org.springframework.web.servlet.DispatcherServlet.doService(DispatcherServlet.java:979) ~[spring-webmvc-6.2.9.jar:6.2.9]
	at org.springframework.web.servlet.FrameworkServlet.processRequest(FrameworkServlet.java:1014) ~[spring-webmvc-6.2.9.jar:6.2.9]
	at org.springframework.web.servlet.FrameworkServlet.doPost(FrameworkServlet.java:914) ~[spring-webmvc-6.2.9.jar:6.2.9]
	at jakarta.servlet.http.HttpServlet.service(HttpServlet.java:590) ~[tomcat-embed-core-10.1.43.jar:6.0]
	at org.springframework.web.servlet.FrameworkServlet.service(FrameworkServlet.java:885) ~[spring-webmvc-6.2.9.jar:6.2.9]
	at jakarta.servlet.http.HttpServlet.service(HttpServlet.java:658) ~[tomcat-embed-core-10.1.43.jar:6.0]
	at org.apache.catalina.core.ApplicationFilterChain.internalDoFilter(ApplicationFilterChain.java:195) ~[tomcat-embed-core-10.1.43.jar:10.1.43]
	at org.apache.catalina.core.ApplicationFilterChain.doFilter(ApplicationFilterChain.java:140) ~[tomcat-embed-core-10.1.43.jar:10.1.43]
	at org.apache.tomcat.websocket.server.WsFilter.doFilter(WsFilter.java:51) ~[tomcat-embed-websocket-10.1.43.jar:10.1.43]
	at org.apache.catalina.core.ApplicationFilterChain.internalDoFilter(ApplicationFilterChain.java:164) ~[tomcat-embed-core-10.1.43.jar:10.1.43]
	at org.apache.catalina.core.ApplicationFilterChain.doFilter(ApplicationFilterChain.java:140) ~[tomcat-embed-core-10.1.43.jar:10.1.43]
	at org.springframework.web.filter.RequestContextFilter.doFilterInternal(RequestContextFilter.java:100) ~[spring-web-6.2.9.jar:6.2.9]
	at org.springframework.web.filter.OncePerRequestFilter.doFilter(OncePerRequestFilter.java:116) ~[spring-web-6.2.9.jar:6.2.9]
	at org.apache.catalina.core.ApplicationFilterChain.internalDoFilter(ApplicationFilterChain.java:164) ~[tomcat-embed-core-10.1.43.jar:10.1.43]
	at org.apache.catalina.core.ApplicationFilterChain.doFilter(ApplicationFilterChain.java:140) ~[tomcat-embed-core-10.1.43.jar:10.1.43]
	at org.springframework.web.filter.FormContentFilter.doFilterInternal(FormContentFilter.java:93) ~[spring-web-6.2.9.jar:6.2.9]
	at org.springframework.web.filter.OncePerRequestFilter.doFilter(OncePerRequestFilter.java:116) ~[spring-web-6.2.9.jar:6.2.9]
	at org.apache.catalina.core.ApplicationFilterChain.internalDoFilter(ApplicationFilterChain.java:164) ~[tomcat-embed-core-10.1.43.jar:10.1.43]
	at org.apache.catalina.core.ApplicationFilterChain.doFilter(ApplicationFilterChain.java:140) ~[tomcat-embed-core-10.1.43.jar:10.1.43]
	at org.springframework.session.web.http.SessionRepositoryFilter.doFilterInternal(SessionRepositoryFilter.java:142) ~[spring-session-core-3.5.1.jar:3.5.1]
	at org.springframework.session.web.http.OncePerRequestFilter.doFilter(OncePerRequestFilter.java:82) ~[spring-session-core-3.5.1.jar:3.5.1]
	at org.springframework.web.filter.DelegatingFilterProxy.invokeDelegate(DelegatingFilterProxy.java:362) ~[spring-web-6.2.9.jar:6.2.9]
	at org.springframework.web.filter.DelegatingFilterProxy.doFilter(DelegatingFilterProxy.java:278) ~[spring-web-6.2.9.jar:6.2.9]
	at org.apache.catalina.core.ApplicationFilterChain.internalDoFilter(ApplicationFilterChain.java:164) ~[tomcat-embed-core-10.1.43.jar:10.1.43]
	at org.apache.catalina.core.ApplicationFilterChain.doFilter(ApplicationFilterChain.java:140) ~[tomcat-embed-core-10.1.43.jar:10.1.43]
	at org.springframework.web.filter.ServerHttpObservationFilter.doFilterInternal(ServerHttpObservationFilter.java:110) ~[spring-web-6.2.9.jar:6.2.9]
	at org.springframework.web.filter.OncePerRequestFilter.doFilter(OncePerRequestFilter.java:116) ~[spring-web-6.2.9.jar:6.2.9]
	at org.apache.catalina.core.ApplicationFilterChain.internalDoFilter(ApplicationFilterChain.java:164) ~[tomcat-embed-core-10.1.43.jar:10.1.43]
	at org.apache.catalina.core.ApplicationFilterChain.doFilter(ApplicationFilterChain.java:140) ~[tomcat-embed-core-10.1.43.jar:10.1.43]
	at org.springframework.web.filter.CharacterEncodingFilter.doFilterInternal(CharacterEncodingFilter.java:201) ~[spring-web-6.2.9.jar:6.2.9]
	at org.springframework.web.filter.OncePerRequestFilter.doFilter(OncePerRequestFilter.java:116) ~[spring-web-6.2.9.jar:6.2.9]
	at org.apache.catalina.core.ApplicationFilterChain.internalDoFilter(ApplicationFilterChain.java:164) ~[tomcat-embed-core-10.1.43.jar:10.1.43]
	at org.apache.catalina.core.ApplicationFilterChain.doFilter(ApplicationFilterChain.java:140) ~[tomcat-embed-core-10.1.43.jar:10.1.43]
	at org.apache.catalina.core.StandardWrapperValve.invoke(StandardWrapperValve.java:167) ~[tomcat-embed-core-10.1.43.jar:10.1.43]
	at org.apache.catalina.core.StandardContextValve.invoke(StandardContextValve.java:90) ~[tomcat-embed-core-10.1.43.jar:10.1.43]
	at org.apache.catalina.authenticator.AuthenticatorBase.invoke(AuthenticatorBase.java:483) ~[tomcat-embed-core-10.1.43.jar:10.1.43]
	at org.apache.catalina.core.StandardHostValve.invoke(StandardHostValve.java:116) ~[tomcat-embed-core-10.1.43.jar:10.1.43]
	at org.apache.catalina.valves.ErrorReportValve.invoke(ErrorReportValve.java:93) ~[tomcat-embed-core-10.1.43.jar:10.1.43]
	at org.apache.catalina.core.StandardEngineValve.invoke(StandardEngineValve.java:74) ~[tomcat-embed-core-10.1.43.jar:10.1.43]
	at org.apache.catalina.connector.CoyoteAdapter.service(CoyoteAdapter.java:344) ~[tomcat-embed-core-10.1.43.jar:10.1.43]
	at org.apache.coyote.http11.Http11Processor.service(Http11Processor.java:398) ~[tomcat-embed-core-10.1.43.jar:10.1.43]
	at org.apache.coyote.AbstractProcessorLight.process(AbstractProcessorLight.java:63) ~[tomcat-embed-core-10.1.43.jar:10.1.43]
	at org.apache.coyote.AbstractProtocol$ConnectionHandler.process(AbstractProtocol.java:903) ~[tomcat-embed-core-10.1.43.jar:10.1.43]
	at org.apache.tomcat.util.net.NioEndpoint$SocketProcessor.doRun(NioEndpoint.java:1769) ~[tomcat-embed-core-10.1.43.jar:10.1.43]
	at org.apache.tomcat.util.net.SocketProcessorBase.run(SocketProcessorBase.java:52) ~[tomcat-embed-core-10.1.43.jar:10.1.43]
	at org.apache.tomcat.util.threads.ThreadPoolExecutor.runWorker(ThreadPoolExecutor.java:1189) ~[tomcat-embed-core-10.1.43.jar:10.1.43]
	at org.apache.tomcat.util.threads.ThreadPoolExecutor$Worker.run(ThreadPoolExecutor.java:658) ~[tomcat-embed-core-10.1.43.jar:10.1.43]
	at org.apache.tomcat.util.threads.TaskThread$WrappingRunnable.run(TaskThread.java:63) ~[tomcat-embed-core-10.1.43.jar:10.1.43]
	at java.base/java.lang.Thread.run(Thread.java:1583) ~[na:na]
Caused by: dev.langchain4j.exception.HttpException: 401 Unauthorized: "{"error":{"message":"Incorrect API key provided. For details, see: https://help.aliyun.com/zh/model-studio/error-code#apikey-error","type":"invalid_request_error","param":null,"code":"invalid_api_key"},"request_id":"b772e95d-f240-9dfb-b272-63908f5f9a67"}"
	at dev.langchain4j.http.client.spring.restclient.SpringRestClient.execute(SpringRestClient.java:79) ~[langchain4j-http-client-spring-restclient-1.1.0-beta7.jar:na]
	at dev.langchain4j.http.client.log.LoggingHttpClient.execute(LoggingHttpClient.java:39) ~[langchain4j-http-client-1.1.0.jar:na]
	at dev.langchain4j.model.openai.internal.SyncRequestExecutor.execute(SyncRequestExecutor.java:20) ~[langchain4j-open-ai-1.1.0.jar:na]
	at dev.langchain4j.model.openai.internal.RequestExecutor.execute(RequestExecutor.java:39) ~[langchain4j-open-ai-1.1.0.jar:na]
	at dev.langchain4j.model.openai.OpenAiChatModel.lambda$doChat$0(OpenAiChatModel.java:141) ~[langchain4j-open-ai-1.1.0.jar:na]
	at dev.langchain4j.internal.ExceptionMapper.withExceptionMapper(ExceptionMapper.java:29) ~[langchain4j-core-1.1.0.jar:na]
	... 80 common frames omitted

2026-04-28T23:25:58.277+08:00  INFO 6292 --- [yu-ai-code-mother-backend] [nio-8123-exec-6] d.l.http.client.log.LoggingHttpClient    : HTTP request:
- method: POST
- url: https://dashscope.aliyuncs.com/compatible-mode/v1/chat/completions
- headers: [Authorization: Beare...y>], [User-Agent: langchain4j-openai], [Content-Type: application/json]
- body: {
  "model" : "qwen-turbo",
  "messages" : [ {
    "role" : "system",
    "content" : "你是一个专业的代码生成方案路由器，需要根据用户需求返回最合适的代码生成类型。\r\n\r\n可选的代码生成类型：\r\n1. HTML - 适合简单的静态页面，单个 HTML 文件，包含内联 CSS 和 JS\r\n2. MULTI_FILE - 适合简单的多文件静态页面，分离 HTML、CSS、JS 代码\r\n3. VUE_PROJECT - 适合复杂的现代化前端项目\r\n\r\n判断规则：\r\n- 如果用户需求简单，只需要一个展示页面，选择 HTML\r\n- 如果用户需要多个页面但不涉及复杂交互，选择 MULTI_FILE\r\n- 如果用户需求复杂，涉及多页面、复杂交互、数据管理等，选择 VUE_PROJECT"
  }, {
    "role" : "user",
    "content" : "1\nYou must answer strictly with one of these enums:\nHTML\nMULTI_FILE\nVUE_PROJECT"
  } ],
  "stream" : false,
  "max_tokens" : 100
}

2026-04-28T23:25:58.433+08:00 ERROR 6292 --- [yu-ai-code-mother-backend] [nio-8123-exec-6] c.y.y.exception.GlobalExceptionHandler   : RuntimeException

dev.langchain4j.exception.AuthenticationException: 401 Unauthorized: "{"error":{"message":"Incorrect API key provided. For details, see: https://help.aliyun.com/zh/model-studio/error-code#apikey-error","type":"invalid_request_error","param":null,"code":"invalid_api_key"},"request_id":"b034845f-33f4-9ed3-9442-390f15dccd7b"}"
	at dev.langchain4j.internal.ExceptionMapper$DefaultExceptionMapper.mapHttpStatusCode(ExceptionMapper.java:59) ~[langchain4j-core-1.1.0.jar:na]
	at dev.langchain4j.internal.ExceptionMapper$DefaultExceptionMapper.mapException(ExceptionMapper.java:44) ~[langchain4j-core-1.1.0.jar:na]
	at dev.langchain4j.internal.ExceptionMapper.withExceptionMapper(ExceptionMapper.java:31) ~[langchain4j-core-1.1.0.jar:na]
	at dev.langchain4j.internal.RetryUtils.lambda$withRetryMappingExceptions$2(RetryUtils.java:324) ~[langchain4j-core-1.1.0.jar:na]
	at dev.langchain4j.internal.RetryUtils$RetryPolicy.withRetry(RetryUtils.java:211) ~[langchain4j-core-1.1.0.jar:na]
	at dev.langchain4j.internal.RetryUtils.withRetry(RetryUtils.java:264) ~[langchain4j-core-1.1.0.jar:na]
	at dev.langchain4j.internal.RetryUtils.withRetryMappingExceptions(RetryUtils.java:324) ~[langchain4j-core-1.1.0.jar:na]
	at dev.langchain4j.internal.RetryUtils.withRetryMappingExceptions(RetryUtils.java:308) ~[langchain4j-core-1.1.0.jar:na]
	at dev.langchain4j.model.openai.OpenAiChatModel.doChat(OpenAiChatModel.java:140) ~[langchain4j-open-ai-1.1.0.jar:na]
	at dev.langchain4j.model.chat.ChatModel.chat(ChatModel.java:46) ~[langchain4j-core-1.1.0.jar:na]
	at dev.langchain4j.guardrail.SynchronousChatExecutor.execute(SynchronousChatExecutor.java:32) ~[langchain4j-core-1.1.0.jar:na]
	at dev.langchain4j.guardrail.AbstractChatExecutor.execute(AbstractChatExecutor.java:45) ~[langchain4j-core-1.1.0.jar:na]
	at dev.langchain4j.service.DefaultAiServices$1.invoke(DefaultAiServices.java:256) ~[langchain4j-1.1.0.jar:na]
	at jdk.proxy2/jdk.proxy2.$Proxy136.routeCodeGenType(Unknown Source) ~[na:na]
	at com.yupi.yuaicodemother.service.impl.AppServiceImpl.createApp(AppServiceImpl.java:132) ~[classes/:na]
	at com.yupi.yuaicodemother.controller.AppController.addApp(AppController.java:158) ~[classes/:na]
	at java.base/jdk.internal.reflect.DirectMethodHandleAccessor.invoke(DirectMethodHandleAccessor.java:103) ~[na:na]
	at java.base/java.lang.reflect.Method.invoke(Method.java:580) ~[na:na]
	at org.springframework.aop.support.AopUtils.invokeJoinpointUsingReflection(AopUtils.java:360) ~[spring-aop-6.2.9.jar:6.2.9]
	at org.springframework.aop.framework.ReflectiveMethodInvocation.invokeJoinpoint(ReflectiveMethodInvocation.java:196) ~[spring-aop-6.2.9.jar:6.2.9]
	at org.springframework.aop.framework.ReflectiveMethodInvocation.proceed(ReflectiveMethodInvocation.java:163) ~[spring-aop-6.2.9.jar:6.2.9]
	at org.springframework.aop.interceptor.ExposeInvocationInterceptor.invoke(ExposeInvocationInterceptor.java:97) ~[spring-aop-6.2.9.jar:6.2.9]
	at org.springframework.aop.framework.ReflectiveMethodInvocation.proceed(ReflectiveMethodInvocation.java:184) ~[spring-aop-6.2.9.jar:6.2.9]
	at org.springframework.aop.framework.CglibAopProxy$DynamicAdvisedInterceptor.intercept(CglibAopProxy.java:728) ~[spring-aop-6.2.9.jar:6.2.9]
	at com.yupi.yuaicodemother.controller.AppController$$SpringCGLIB$$0.addApp(<generated>) ~[classes/:na]
	at java.base/jdk.internal.reflect.DirectMethodHandleAccessor.invoke(DirectMethodHandleAccessor.java:103) ~[na:na]
	at java.base/java.lang.reflect.Method.invoke(Method.java:580) ~[na:na]
	at org.springframework.web.method.support.InvocableHandlerMethod.doInvoke(InvocableHandlerMethod.java:258) ~[spring-web-6.2.9.jar:6.2.9]
	at org.springframework.web.method.support.InvocableHandlerMethod.invokeForRequest(InvocableHandlerMethod.java:191) ~[spring-web-6.2.9.jar:6.2.9]
	at org.springframework.web.servlet.mvc.method.annotation.ServletInvocableHandlerMethod.invokeAndHandle(ServletInvocableHandlerMethod.java:118) ~[spring-webmvc-6.2.9.jar:6.2.9]
	at org.springframework.web.servlet.mvc.method.annotation.RequestMappingHandlerAdapter.invokeHandlerMethod(RequestMappingHandlerAdapter.java:991) ~[spring-webmvc-6.2.9.jar:6.2.9]
	at org.springframework.web.servlet.mvc.method.annotation.RequestMappingHandlerAdapter.handleInternal(RequestMappingHandlerAdapter.java:896) ~[spring-webmvc-6.2.9.jar:6.2.9]
	at org.springframework.web.servlet.mvc.method.AbstractHandlerMethodAdapter.handle(AbstractHandlerMethodAdapter.java:87) ~[spring-webmvc-6.2.9.jar:6.2.9]
	at org.springframework.web.servlet.DispatcherServlet.doDispatch(DispatcherServlet.java:1089) ~[spring-webmvc-6.2.9.jar:6.2.9]
	at org.springframework.web.servlet.DispatcherServlet.doService(DispatcherServlet.java:979) ~[spring-webmvc-6.2.9.jar:6.2.9]
	at org.springframework.web.servlet.FrameworkServlet.processRequest(FrameworkServlet.java:1014) ~[spring-webmvc-6.2.9.jar:6.2.9]
	at org.springframework.web.servlet.FrameworkServlet.doPost(FrameworkServlet.java:914) ~[spring-webmvc-6.2.9.jar:6.2.9]
	at jakarta.servlet.http.HttpServlet.service(HttpServlet.java:590) ~[tomcat-embed-core-10.1.43.jar:6.0]
	at org.springframework.web.servlet.FrameworkServlet.service(FrameworkServlet.java:885) ~[spring-webmvc-6.2.9.jar:6.2.9]
	at jakarta.servlet.http.HttpServlet.service(HttpServlet.java:658) ~[tomcat-embed-core-10.1.43.jar:6.0]
	at org.apache.catalina.core.ApplicationFilterChain.internalDoFilter(ApplicationFilterChain.java:195) ~[tomcat-embed-core-10.1.43.jar:10.1.43]
	at org.apache.catalina.core.ApplicationFilterChain.doFilter(ApplicationFilterChain.java:140) ~[tomcat-embed-core-10.1.43.jar:10.1.43]
	at org.apache.tomcat.websocket.server.WsFilter.doFilter(WsFilter.java:51) ~[tomcat-embed-websocket-10.1.43.jar:10.1.43]
	at org.apache.catalina.core.ApplicationFilterChain.internalDoFilter(ApplicationFilterChain.java:164) ~[tomcat-embed-core-10.1.43.jar:10.1.43]
	at org.apache.catalina.core.ApplicationFilterChain.doFilter(ApplicationFilterChain.java:140) ~[tomcat-embed-core-10.1.43.jar:10.1.43]
	at org.springframework.web.filter.RequestContextFilter.doFilterInternal(RequestContextFilter.java:100) ~[spring-web-6.2.9.jar:6.2.9]
	at org.springframework.web.filter.OncePerRequestFilter.doFilter(OncePerRequestFilter.java:116) ~[spring-web-6.2.9.jar:6.2.9]
	at org.apache.catalina.core.ApplicationFilterChain.internalDoFilter(ApplicationFilterChain.java:164) ~[tomcat-embed-core-10.1.43.jar:10.1.43]
	at org.apache.catalina.core.ApplicationFilterChain.doFilter(ApplicationFilterChain.java:140) ~[tomcat-embed-core-10.1.43.jar:10.1.43]
	at org.springframework.web.filter.FormContentFilter.doFilterInternal(FormContentFilter.java:93) ~[spring-web-6.2.9.jar:6.2.9]
	at org.springframework.web.filter.OncePerRequestFilter.doFilter(OncePerRequestFilter.java:116) ~[spring-web-6.2.9.jar:6.2.9]
	at org.apache.catalina.core.ApplicationFilterChain.internalDoFilter(ApplicationFilterChain.java:164) ~[tomcat-embed-core-10.1.43.jar:10.1.43]
	at org.apache.catalina.core.ApplicationFilterChain.doFilter(ApplicationFilterChain.java:140) ~[tomcat-embed-core-10.1.43.jar:10.1.43]
	at org.springframework.session.web.http.SessionRepositoryFilter.doFilterInternal(SessionRepositoryFilter.java:142) ~[spring-session-core-3.5.1.jar:3.5.1]
	at org.springframework.session.web.http.OncePerRequestFilter.doFilter(OncePerRequestFilter.java:82) ~[spring-session-core-3.5.1.jar:3.5.1]
	at org.springframework.web.filter.DelegatingFilterProxy.invokeDelegate(DelegatingFilterProxy.java:362) ~[spring-web-6.2.9.jar:6.2.9]
	at org.springframework.web.filter.DelegatingFilterProxy.doFilter(DelegatingFilterProxy.java:278) ~[spring-web-6.2.9.jar:6.2.9]
	at org.apache.catalina.core.ApplicationFilterChain.internalDoFilter(ApplicationFilterChain.java:164) ~[tomcat-embed-core-10.1.43.jar:10.1.43]
	at org.apache.catalina.core.ApplicationFilterChain.doFilter(ApplicationFilterChain.java:140) ~[tomcat-embed-core-10.1.43.jar:10.1.43]
	at org.springframework.web.filter.ServerHttpObservationFilter.doFilterInternal(ServerHttpObservationFilter.java:110) ~[spring-web-6.2.9.jar:6.2.9]
	at org.springframework.web.filter.OncePerRequestFilter.doFilter(OncePerRequestFilter.java:116) ~[spring-web-6.2.9.jar:6.2.9]
	at org.apache.catalina.core.ApplicationFilterChain.internalDoFilter(ApplicationFilterChain.java:164) ~[tomcat-embed-core-10.1.43.jar:10.1.43]
	at org.apache.catalina.core.ApplicationFilterChain.doFilter(ApplicationFilterChain.java:140) ~[tomcat-embed-core-10.1.43.jar:10.1.43]
	at org.springframework.web.filter.CharacterEncodingFilter.doFilterInternal(CharacterEncodingFilter.java:201) ~[spring-web-6.2.9.jar:6.2.9]
	at org.springframework.web.filter.OncePerRequestFilter.doFilter(OncePerRequestFilter.java:116) ~[spring-web-6.2.9.jar:6.2.9]
	at org.apache.catalina.core.ApplicationFilterChain.internalDoFilter(ApplicationFilterChain.java:164) ~[tomcat-embed-core-10.1.43.jar:10.1.43]
	at org.apache.catalina.core.ApplicationFilterChain.doFilter(ApplicationFilterChain.java:140) ~[tomcat-embed-core-10.1.43.jar:10.1.43]
	at org.apache.catalina.core.StandardWrapperValve.invoke(StandardWrapperValve.java:167) ~[tomcat-embed-core-10.1.43.jar:10.1.43]
	at org.apache.catalina.core.StandardContextValve.invoke(StandardContextValve.java:90) ~[tomcat-embed-core-10.1.43.jar:10.1.43]
	at org.apache.catalina.authenticator.AuthenticatorBase.invoke(AuthenticatorBase.java:483) ~[tomcat-embed-core-10.1.43.jar:10.1.43]
	at org.apache.catalina.core.StandardHostValve.invoke(StandardHostValve.java:116) ~[tomcat-embed-core-10.1.43.jar:10.1.43]
	at org.apache.catalina.valves.ErrorReportValve.invoke(ErrorReportValve.java:93) ~[tomcat-embed-core-10.1.43.jar:10.1.43]
	at org.apache.catalina.core.StandardEngineValve.invoke(StandardEngineValve.java:74) ~[tomcat-embed-core-10.1.43.jar:10.1.43]
	at org.apache.catalina.connector.CoyoteAdapter.service(CoyoteAdapter.java:344) ~[tomcat-embed-core-10.1.43.jar:10.1.43]
	at org.apache.coyote.http11.Http11Processor.service(Http11Processor.java:398) ~[tomcat-embed-core-10.1.43.jar:10.1.43]
	at org.apache.coyote.AbstractProcessorLight.process(AbstractProcessorLight.java:63) ~[tomcat-embed-core-10.1.43.jar:10.1.43]
	at org.apache.coyote.AbstractProtocol$ConnectionHandler.process(AbstractProtocol.java:903) ~[tomcat-embed-core-10.1.43.jar:10.1.43]
	at org.apache.tomcat.util.net.NioEndpoint$SocketProcessor.doRun(NioEndpoint.java:1769) ~[tomcat-embed-core-10.1.43.jar:10.1.43]
	at org.apache.tomcat.util.net.SocketProcessorBase.run(SocketProcessorBase.java:52) ~[tomcat-embed-core-10.1.43.jar:10.1.43]
	at org.apache.tomcat.util.threads.ThreadPoolExecutor.runWorker(ThreadPoolExecutor.java:1189) ~[tomcat-embed-core-10.1.43.jar:10.1.43]
	at org.apache.tomcat.util.threads.ThreadPoolExecutor$Worker.run(ThreadPoolExecutor.java:658) ~[tomcat-embed-core-10.1.43.jar:10.1.43]
	at org.apache.tomcat.util.threads.TaskThread$WrappingRunnable.run(TaskThread.java:63) ~[tomcat-embed-core-10.1.43.jar:10.1.43]
	at java.base/java.lang.Thread.run(Thread.java:1583) ~[na:na]
Caused by: dev.langchain4j.exception.HttpException: 401 Unauthorized: "{"error":{"message":"Incorrect API key provided. For details, see: https://help.aliyun.com/zh/model-studio/error-code#apikey-error","type":"invalid_request_error","param":null,"code":"invalid_api_key"},"request_id":"b034845f-33f4-9ed3-9442-390f15dccd7b"}"
	at dev.langchain4j.http.client.spring.restclient.SpringRestClient.execute(SpringRestClient.java:79) ~[langchain4j-http-client-spring-restclient-1.1.0-beta7.jar:na]
	at dev.langchain4j.http.client.log.LoggingHttpClient.execute(LoggingHttpClient.java:39) ~[langchain4j-http-client-1.1.0.jar:na]
	at dev.langchain4j.model.openai.internal.SyncRequestExecutor.execute(SyncRequestExecutor.java:20) ~[langchain4j-open-ai-1.1.0.jar:na]
	at dev.langchain4j.model.openai.internal.RequestExecutor.execute(RequestExecutor.java:39) ~[langchain4j-open-ai-1.1.0.jar:na]
	at dev.langchain4j.model.openai.OpenAiChatModel.lambda$doChat$0(OpenAiChatModel.java:141) ~[langchain4j-open-ai-1.1.0.jar:na]
	at dev.langchain4j.internal.ExceptionMapper.withExceptionMapper(ExceptionMapper.java:29) ~[langchain4j-core-1.1.0.jar:na]
	... 80 common frames omitted

